model_id,display_name,context,low_input,low_output,balanced_input,balanced_output,high_input,high_output,official_input,official_output,raw_price_lines
Baichuan-M2,Baichuan M2,32K,,,,,,,,,￥2.000~20.000/百万tokens 文本 || ￥0.030/次 搜索
Baichuan-M2-Plus,Baichuan M2 Plus,32K,,,,,,,,,￥10.000~30.000/百万tokens 文本 || ￥0.030/次 搜索
Baichuan3-Turbo,Baichuan3-Turbo,32K,,,,,,,,,￥12.000/百万tokens
Baichuan3-Turbo-128k,Baichuan3-Turbo-128k,128K,,,,,,,,,￥24.000/百万tokens
Baichuan4,Baichuan4,32K,,,,,,,,,￥100.000/百万tokens 文本 || ￥0.030/次 搜索
Baichuan4-Air,Baichuan4-Air,32K,,,,,,,,,￥0.980/百万tokens 文本 || ￥0.030/次 搜索
Baichuan4-Turbo,Baichuan4-Turbo,32K,,,,,,,,,￥15.000/百万tokens 文本 || ￥0.030/次 搜索
MiniMax-Hailuo-02,MiniMax Hailuo 02,2K,,,,,,,,,￥1.600/个 高可用8折 || ￥2.000/个 官方价
MiniMax-Hailuo-2.3,MiniMax Hailuo 2.3,2K,,,,,,,,,￥1.600/个 高可用8折 || ￥2.000/个 官方价
MiniMax-Hailuo-2.3-Fast,MiniMax Hailuo 2.3 Fast,2K,,,,,,,,,￥1.080/个 高可用8折 || ￥1.350/个 官方价
abab6.5s-chat,MiniMax abab 6.5s,240K,,,,,,,,,￥1.000/百万tokens
amazon/nova-lite-v1,Nova Lite 1.0,300K,,,,,,,,,￥0.450~1.800/百万tokens
amazon/nova-micro-v1,Nova Micro 1.0,128K,,,,,,,,,￥0.263~1.050/百万tokens
amazon/nova-pro-v1,Nova Pro 1.0,300K,,,,,,,,,￥6.000~24.000/百万tokens
bytedance-asset-v1,Doubao-Asset-v1,1K,,,,,,,,,免费
chatglm3-130b-fin,GLM3-130B金融模型,8K,,,,,,,,,￥1.000/百万tokens
chatgpt-4o-latest,ChatGPT 4o,128K,5.625,16.875,11.25,33.75,18.75,56.25,37.5,112.5,￥5.625~16.875/百万tokens 低价1.5折 || ￥11.250~33.750/百万tokens 均衡3折 || ￥18.750~56.250/百万tokens 高可用5折 || ￥37.500~112.500/百万tokens 官方价
claude-3-5-haiku-latest,Claude Haiku 3.5,200K,0.6,3,1.8,9,3,15,6,30,￥0.600~3.000/百万tokens 低价1折 || ￥1.800~9.000/百万tokens 均衡3折 || ￥3.000~15.000/百万tokens 高可用5折 || ￥6.000~30.000/百万tokens 官方价文本 || ￥0.600/百万tokens 官方价缓存命中 || ￥12.000/百万tokens 官方价缓存写入
claude-3-5-sonnet-latest,Claude Sonnet 3.5,200K,2.25,11.25,6.75,33.75,11.25,56.25,22.5,112.5,￥2.250~11.250/百万tokens 低价1折 || ￥6.750~33.750/百万tokens 均衡3折 || ￥11.250~56.250/百万tokens 高可用5折 || ￥22.500~112.500/百万tokens 官方价文本 || ￥2.250/百万tokens 官方价缓存命中 || ￥45.000/百万tokens 官方价缓存写入
claude-3-7-sonnet-latest,Claude Sonnet 3.7,200K,2.25,11.25,6.75,33.75,11.25,56.25,22.5,112.5,￥2.250~11.250/百万tokens 低价1折 || ￥6.750~33.750/百万tokens 均衡3折 || ￥11.250~56.250/百万tokens 高可用5折 || ￥22.500~112.500/百万tokens 官方价文本 || ￥2.250/百万tokens 官方价缓存命中 || ￥45.000/百万tokens 官方价缓存写入
claude-3-7-sonnet:thinking,Claude Sonnet 3.7 推理版,200K,2.25,11.25,6.75,33.75,11.25,56.25,22.5,112.5,￥2.250~11.250/百万tokens 低价1折 || ￥6.750~33.750/百万tokens 均衡3折 || ￥11.250~56.250/百万tokens 高可用5折 || ￥22.500~112.500/百万tokens 官方价文本 || ￥2.250/百万tokens 官方价缓存命中 || ￥45.000/百万tokens 官方价缓存写入
claude-3-haiku-20240307,Claude Haiku 3,200K,0.188,0.938,0.563,2.813,0.938,4.688,1.875,9.375,￥0.188~0.938/百万tokens 低价1折 || ￥0.563~2.813/百万tokens 均衡3折 || ￥0.938~4.688/百万tokens 高可用5折 || ￥1.875~9.375/百万tokens 官方价文本 || ￥0.225/百万tokens 官方价缓存命中 || ￥0.375/百万tokens 官方价缓存写入
claude-3-opus-latest,Claude Opus 3,200K,11.25,56.25,33.75,168.75,56.25,281.25,112.5,562.5,￥11.250~56.250/百万tokens 低价1折 || ￥33.750~168.750/百万tokens 均衡3折 || ￥56.250~281.250/百万tokens 高可用5折 || ￥112.500~562.500/百万tokens 官方价文本 || ￥11.250/百万tokens 官方价缓存命中 || ￥225.000/百万tokens 官方价缓存写入
claude-3-sonnet-20240229,Claude Sonnet 3,200K,2.25,11.25,,,11.25,56.25,22.5,112.5,￥2.250~11.250/百万tokens 低价1折 || ￥11.250~56.250/百万tokens 高可用5折 || ￥22.500~112.500/百万tokens 官方价
claude-haiku-4-5,Claude Haiku 4.5,200K,0.75,3.75,2.25,11.25,3.75,18.75,7.5,37.5,￥0.750~3.750/百万tokens 低价1折文本 || 免费 低价搜索 || ￥2.250~11.250/百万tokens 均衡3折文本 || 免费 均衡搜索 || ￥3.750~18.750/百万tokens 高可用5折文本 || 免费 高可用搜索 || ￥7.500~37.500/百万tokens 官方价文本 || ￥0.750/百万tokens 官方价缓存命中 || ￥15.000/百万tokens 官方价缓存写入
claude-haiku-4-5:thinking,Claude Haiku 4.5 推理版,200K,0.75,3.75,2.25,11.25,3.75,18.75,7.5,37.5,￥0.750~3.750/百万tokens 低价1折文本 || 免费 低价搜索 || ￥2.250~11.250/百万tokens 均衡3折文本 || 免费 均衡搜索 || ￥3.750~18.750/百万tokens 高可用5折文本 || 免费 高可用搜索 || ￥7.500~37.500/百万tokens 官方价文本 || ￥0.750/百万tokens 官方价缓存命中 || ￥15.000/百万tokens 官方价缓存写入
claude-opus-4-0,Claude Opus 4,200K,11.25,56.25,33.75,168.75,56.25,281.25,112.5,562.5,￥11.250~56.250/百万tokens 低价1折文本 || 免费 低价搜索 || ￥33.750~168.750/百万tokens 均衡3折文本 || 免费 均衡搜索 || ￥56.250~281.250/百万tokens 高可用5折文本 || 免费 高可用搜索 || ￥112.500~562.500/百万tokens 官方价文本 || ￥11.250/百万tokens 官方价缓存命中 || ￥225.000/百万tokens 官方价缓存写入
claude-opus-4-0:thinking,Claude Opus 4 推理版,200K,11.25,56.25,33.75,168.75,56.25,281.25,112.5,562.5,￥11.250~56.250/百万tokens 低价1折文本 || 免费 低价搜索 || ￥33.750~168.750/百万tokens 均衡3折文本 || 免费 均衡搜索 || ￥56.250~281.250/百万tokens 高可用5折文本 || 免费 高可用搜索 || ￥112.500~562.500/百万tokens 官方价文本 || ￥11.250/百万tokens 官方价缓存命中 || ￥225.000/百万tokens 官方价缓存写入
claude-opus-4-1,Claude Opus 4.1,200K,11.25,56.25,33.75,168.75,56.25,281.25,112.5,562.5,￥11.250~56.250/百万tokens 低价1折文本 || 免费 低价搜索 || ￥33.750~168.750/百万tokens 均衡3折文本 || 免费 均衡搜索 || ￥56.250~281.250/百万tokens 高可用5折文本 || 免费 高可用搜索 || ￥112.500~562.500/百万tokens 官方价文本 || ￥11.250/百万tokens 官方价缓存命中 || ￥225.000/百万tokens 官方价缓存写入
claude-opus-4-1:thinking,Claude Opus 4.1 推理版,200K,11.25,56.25,33.75,168.75,56.25,281.25,112.5,562.5,￥11.250~56.250/百万tokens 低价1折文本 || 免费 低价搜索 || ￥33.750~168.750/百万tokens 均衡3折文本 || 免费 均衡搜索 || ￥56.250~281.250/百万tokens 高可用5折文本 || 免费 高可用搜索 || ￥112.500~562.500/百万tokens 官方价文本 || ￥11.250/百万tokens 官方价缓存命中 || ￥225.000/百万tokens 官方价缓存写入
claude-opus-4-5,Claude Opus 4.5,200K,3.75,18.75,7.5,37.5,18.75,93.75,37.5,187.5,￥3.750~18.750/百万tokens 低价1折文本 || 免费 低价搜索 || ￥7.500~37.500/百万tokens 均衡2折文本 || 免费 均衡搜索 || ￥18.750~93.750/百万tokens 高可用5折文本 || 免费 高可用搜索 || ￥37.500~187.500/百万tokens 官方价文本 || ￥3.750/百万tokens 官方价缓存命中 || ￥75.000/百万tokens 官方价缓存写入
claude-opus-4-5:thinking,Claude Opus 4.5 推理版,200K,3.75,18.75,7.5,37.5,18.75,93.75,37.5,187.5,￥3.750~18.750/百万tokens 低价1折文本 || 免费 低价搜索 || ￥7.500~37.500/百万tokens 均衡2折文本 || 免费 均衡搜索 || ￥18.750~93.750/百万tokens 高可用5折文本 || 免费 高可用搜索 || ￥37.500~187.500/百万tokens 官方价文本 || ￥3.750/百万tokens 官方价缓存命中 || ￥75.000/百万tokens 官方价缓存写入
claude-opus-4-6,Claude Opus 4.6,1000K,3.75,18.75,11.25,56.25,18.75,93.75,37.5,187.5,￥3.750~18.750/百万tokens 低价1折文本 || 免费 低价搜索 || ￥11.250~56.250/百万tokens 均衡3折文本 || 免费 均衡搜索 || ￥18.750~93.750/百万tokens 高可用5折文本 || 免费 高可用搜索 || ￥37.500~187.500/百万tokens 官方价文本 || ￥3.750/百万tokens 官方价缓存命中 || ￥46.875/百万tokens 官方价缓存写入
claude-opus-4-6:thinking,Claude Opus 4.6 推理版,1000K,3.75,18.75,11.25,56.25,18.75,93.75,37.5,187.5,￥3.750~18.750/百万tokens 低价1折文本 || 免费 低价搜索 || ￥11.250~56.250/百万tokens 均衡3折文本 || 免费 均衡搜索 || ￥18.750~93.750/百万tokens 高可用5折文本 || 免费 高可用搜索 || ￥37.500~187.500/百万tokens 官方价文本 || ￥3.750/百万tokens 官方价缓存命中 || ￥46.875/百万tokens 官方价缓存写入
claude-opus-4-7,Claude Opus 4.7,1000K,3.75,18.75,11.25,56.25,18.75,93.75,37.5,187.5,￥3.750~18.750/百万tokens 低价1折文本 || 免费 低价搜索 || ￥11.250~56.250/百万tokens 均衡3折文本 || 免费 均衡搜索 || ￥18.750~93.750/百万tokens 高可用5折文本 || 免费 高可用搜索 || ￥37.500~187.500/百万tokens 官方价文本 || ￥3.750/百万tokens 官方价缓存命中 || ￥46.875/百万tokens 官方价缓存写入
claude-sonnet-4-0,Claude Sonnet 4,200K,2.25,11.25,6.75,33.75,11.25,56.25,22.5,112.5,￥2.250~11.250/百万tokens 低价1折文本 || 免费 低价搜索 || ￥6.750~33.750/百万tokens 均衡3折文本 || 免费 均衡搜索 || ￥11.250~56.250/百万tokens 高可用5折文本 || 免费 高可用搜索 || ￥22.500~112.500/百万tokens 官方价文本 || ￥2.250/百万tokens 官方价缓存命中 || ￥45.000/百万tokens 官方价缓存写入
claude-sonnet-4-0:thinking,Claude Sonnet 4 推理版,200K,2.25,11.25,6.75,33.75,11.25,56.25,22.5,112.5,￥2.250~11.250/百万tokens 低价1折文本 || 免费 低价搜索 || ￥6.750~33.750/百万tokens 均衡3折文本 || 免费 均衡搜索 || ￥11.250~56.250/百万tokens 高可用5折文本 || 免费 高可用搜索 || ￥22.500~112.500/百万tokens 官方价文本 || ￥2.250/百万tokens 官方价缓存命中 || ￥45.000/百万tokens 官方价缓存写入
claude-sonnet-4-5,Claude Sonnet 4.5,200K,2.25,11.25,6.75,33.75,11.25,56.25,22.5,112.5,￥2.250~11.250/百万tokens 低价1折文本 || 免费 低价搜索 || ￥6.750~33.750/百万tokens 均衡3折文本 || 免费 均衡搜索 || ￥11.250~56.250/百万tokens 高可用5折文本 || 免费 高可用搜索 || ￥22.500~112.500/百万tokens 官方价文本 || ￥2.250/百万tokens 官方价缓存命中 || ￥45.000/百万tokens 官方价缓存写入
claude-sonnet-4-5:thinking,Claude Sonnet 4.5 推理版,200K,2.25,11.25,6.75,33.75,11.25,56.25,22.5,112.5,￥2.250~11.250/百万tokens 低价1折文本 || 免费 低价搜索 || ￥6.750~33.750/百万tokens 均衡3折文本 || 免费 均衡搜索 || ￥11.250~56.250/百万tokens 高可用5折文本 || 免费 高可用搜索 || ￥22.500~112.500/百万tokens 官方价文本 || ￥2.250/百万tokens 官方价缓存命中 || ￥45.000/百万tokens 官方价缓存写入
claude-sonnet-4-6,Claude Sonnet 4.6,200K,2.25,11.25,6.75,33.75,11.25,56.25,22.5,112.5,￥2.250~11.250/百万tokens 低价1折文本 || 免费 低价搜索 || ￥6.750~33.750/百万tokens 均衡3折文本 || 免费 均衡搜索 || ￥11.250~56.250/百万tokens 高可用5折文本 || 免费 高可用搜索 || ￥22.500~112.500/百万tokens 官方价文本 || ￥2.250/百万tokens 官方价缓存命中 || ￥45.000/百万tokens 官方价缓存写入
claude-sonnet-4-6:thinking,Claude Sonnet 4.6 推理版,200K,,,6.75,33.75,11.25,56.25,22.5,112.5,￥6.750~33.750/百万tokens 均衡3折文本 || 免费 均衡搜索 || ￥11.250~56.250/百万tokens 高可用5折文本 || 免费 高可用搜索 || ￥22.500~112.500/百万tokens 官方价文本 || ￥2.250/百万tokens 官方价缓存命中 || ￥45.000/百万tokens 官方价缓存写入
codegeex-4,CodeGeeX,128K,,,,,,,,,免费 高可用 || 免费 官方价
codestral-2501,Codestral 2501,256K,,,,,,,,,￥2.250~6.750/百万tokens
codestral-2508,Codestral 2508,256K,,,,,,,,,￥2.250~6.750/百万tokens
codestral-embed,Codestral Embed,8K,,,,,,,,,￥1.125/百万tokens
codex-mini-latest,Codex Mini,200K,,,,,9,36,11.25,45,￥9.000~36.000/百万tokens 高可用8折 || ￥11.250~45.000/百万tokens 官方价文本 || ￥2.813/百万tokens 官方价缓存命中
cogvideox,CogVideoX,0.5K,,,,,,,,,￥0.400/次 高可用8折 || ￥0.500/次 官方价
cogvideox-2,CogVideoX-2,0.5K,,,,,,,,,￥0.400/次 高可用8折 || ￥0.500/次 官方价
cogvideox-3,CogVideoX-3,0.5K,,,,,,,,,￥0.800/次 高可用8折 || ￥1.000/次 官方价
cogvideox-flash,CogVideoX-Flash,0.5K,,,,,,,,,免费
cogview-3-flash,CogView-3-Flash,1K,,,,,,,,,免费
cogview-3-plus,CogView-3-Plus,1K,,,,,,,,,￥0.048/张 高可用8折 || ￥0.060/张 官方价
cogview-4,CogView-4,1K,,,,,,,,,￥0.060/张
command-a-03-2025,Command A,256K,,,,,,,,,￥18.750~75.000/百万tokens
command-r,Command R,128K,,,,,,,,,￥1.125~4.500/百万tokens
command-r-plus,Command R+,128K,,,,,,,,,￥18.750~75.000/百万tokens
command-r7b-12-2024,Command R7B,128K,,,,,,,,,￥0.281~1.125/百万tokens
dall-e-3,DALL·E 3 1024x1024,4K,,,,,,,,,￥0.030/张 低价1折 || ￥0.090/张 均衡3折 || ￥0.150/张 高可用5折 || ￥0.300/张 官方价
deepseek-prover-v2,DeepSeek Prover V2,160K,,,,,,,,,￥5.250~18.750/百万tokens
deepseek-r1,DeepSeek R1 推理版,64K,,,,,2,8,4,16,￥2.000~8.000/百万tokens 高可用5折 || ￥4.000~16.000/百万tokens 官方价文本 || ￥1.000/百万tokens 官方价缓存命中
deepseek-r1-distill-llama-70b,DeepSeek R1 Distill Llama 70B,32K,,,,,,,,,￥1.500/百万tokens 低价1折 || ￥4.500/百万tokens 均衡3折 || ￥7.500/百万tokens 高可用5折 || ￥15.000/百万tokens 官方价
deepseek-r1-distill-llama-8b,DeepSeek R1 Distill Llama 8B,32K,,,,,,,,,免费
deepseek-r1-distill-qwen-1.5b,DeepSeek R1 Distill Qwen 1.5B,32K,,,,,,,,,免费
deepseek-r1-distill-qwen-14b,DeepSeek R1 Distill Qwen 14B,32K,,,,,0.5,1.5,1,3,￥0.500~1.500/百万tokens 高可用5折 || ￥1.000~3.000/百万tokens 官方价
deepseek-r1-distill-qwen-32b,DeepSeek R1 Distill Qwen 32B,32K,,,,,1,3,2,6,￥1.000~3.000/百万tokens 高可用5折 || ￥2.000~6.000/百万tokens 官方价
deepseek-r1-distill-qwen-7b,DeepSeek R1 Distill Qwen 7B,32K,,,,,0.25,0.5,0.5,1,￥0.250~0.500/百万tokens 高可用5折 || ￥0.500~1.000/百万tokens 官方价
deepseek-r1-metasearch,DeepSeek R1 秘塔搜索版,64K,,,,,,,,,￥2.000~8.000/百万tokens 文本 || ￥0.030/次 搜索
deepseek-r1-search,DeepSeek R1 联网版,64K,,,,,,,,,￥2.000~8.000/百万tokens 文本 || ￥0.010/次 搜索
deepseek-r1:full,DeepSeek R1 满血版,64K,,,,,2,8,4,16,￥2.000~8.000/百万tokens 高可用5折 || ￥4.000~16.000/百万tokens 官方价
deepseek-r1t-chimera,DeepSeek R1T Chimera,160K,,,,,,,,,￥2.250/百万tokens
deepseek-r1t2-chimera,DeepSeek R1T2 Chimera,160K,,,,,,,,,￥2.400/百万tokens
deepseek-search,DeepSeek V3 联网版,64K,,,,,,,,,￥1.000~4.000/百万tokens
deepseek-v3,DeepSeek V3 对话版,64K,,,0.6,2.4,1,4,2,8,￥0.600~2.400/百万tokens 均衡3折 || ￥1.000~4.000/百万tokens 高可用5折 || ￥2.000~8.000/百万tokens 官方价文本 || ￥0.500/百万tokens 官方价缓存命中
deepseek-v3.1,DeepSeek V3.1 对话版,128K,,,,,2,6,4,12,￥2.000~6.000/百万tokens 高可用5折 || ￥4.000~12.000/百万tokens 官方价文本 || ￥0.500/百万tokens 官方价缓存命中
deepseek-v3.1:thinking,DeepSeek V3.1 推理版,128K,,,,,2,6,4,12,￥2.000~6.000/百万tokens 高可用5折 || ￥4.000~12.000/百万tokens 官方价文本 || ￥0.500/百万tokens 官方价缓存命中
deepseek-v3.2,DeepSeek V3.2 对话版,128K,,,,,1,1.5,2,3,￥1.000~1.500/百万tokens 高可用5折 || ￥2.000~3.000/百万tokens 官方价文本 || ￥0.200/百万tokens 官方价缓存命中
deepseek-v3.2-exp,DeepSeek V3.2 体验版,128K,,,,,1,1.5,2,3,￥1.000~1.500/百万tokens 高可用5折 || ￥2.000~3.000/百万tokens 官方价文本 || ￥0.200/百万tokens 官方价缓存命中
deepseek-v3.2-exp:thinking,DeepSeek V3.2 体验推理版,128K,,,,,1.6,2.4,2,3,￥1.600~2.400/百万tokens 高可用8折 || ￥2.000~3.000/百万tokens 官方价文本 || ￥0.200/百万tokens 官方价缓存命中
deepseek-v3.2-speciale,DeepSeek V3.2 Speciale,128K,,,,,1,1.5,2,3,￥1.000~1.500/百万tokens 高可用5折 || ￥2.000~3.000/百万tokens 官方价文本 || ￥0.200/百万tokens 官方价缓存命中
deepseek-v3.2:thinking,DeepSeek V3.2 推理版,128K,,,,,1,1.5,2,3,￥1.000~1.500/百万tokens 高可用5折 || ￥2.000~3.000/百万tokens 官方价文本 || ￥0.200/百万tokens 官方价缓存命中
deepseek-v3:full,DeepSeek V3 满血版,64K,,,,,1,4,2,8,￥1.000~4.000/百万tokens 高可用5折 || ￥2.000~8.000/百万tokens 官方价
devstral-2512,Devstral 2,256K,,,,,,,,,免费
devstral-medium-2507,Devstral Medium,128K,,,,,,,,,￥3.000~15.000/百万tokens
devstral-small-2505,Devstral Small 1,128K,,,,,,,,,￥0.750~2.250/百万tokens
devstral-small-2507,Devstral Small 1.1,128K,,,,,,,,,￥0.750~2.250/百万tokens
doubao-1.5-lite,Doubao-1.5-lite,32K,,,,,0.24,0.48,0.3,0.6,￥0.240~0.480/百万tokens 高可用8折 || ￥0.300~0.600/百万tokens 官方价
doubao-1.5-pro-256k,Doubao-1.5-pro,256K,,,,,2.5,4.5,5,9,￥2.500~4.500/百万tokens 高可用5折 || ￥5.000~9.000/百万tokens 官方价
doubao-1.5-pro-32k,Doubao-1.5-pro,32K,,,,,0.64,1.6,0.8,2,￥0.640~1.600/百万tokens 高可用8折 || ￥0.800~2.000/百万tokens 官方价
doubao-1.5-thinking-pro,Doubao-1.5-thinking-pro,128K,,,,,3.2,12.8,4,16,￥3.200~12.800/百万tokens 高可用8折 || ￥4.000~16.000/百万tokens 官方价
doubao-1.5-thinking-pro-m,Doubao-1.5-thinking-pro 视觉版,128K,,,,,3.2,12.8,4,16,￥3.200~12.800/百万tokens 高可用8折 || ￥4.000~16.000/百万tokens 官方价
doubao-1.5-thinking-vision-pro,Doubao-1.5-thinking-vision-pro,128K,,,,,2.4,7.2,3,9,￥2.400~7.200/百万tokens 高可用8折 || ￥3.000~9.000/百万tokens 官方价
doubao-1.5-ui-tars,Doubao-1.5-UI-TARS,32K,,,,,1.75,6,3.5,12,￥1.750~6.000/百万tokens 高可用5折 || ￥3.500~12.000/百万tokens 官方价
doubao-1.5-vision-lite,Doubao-1.5-vision-lite,128K,,,,,1.2,3.6,1.5,4.5,￥1.200~3.600/百万tokens 高可用8折 || ￥1.500~4.500/百万tokens 官方价
doubao-1.5-vision-pro,Doubao-1.5-vision-pro,128K,,,,,2.4,7.2,3,9,￥2.400~7.200/百万tokens 高可用8折 || ￥3.000~9.000/百万tokens 官方价
doubao-embedding,Doubao-embedding,4K,,,,,,,,,￥0.500/百万tokens
doubao-embedding-large,Doubao-embedding-large,4K,,,,,,,,,￥0.700/百万tokens
doubao-embedding-vision,Doubao-embedding-vision,8K,,,,,,,,,￥0.700/百万tokens 文本 || ￥1.800/百万tokens 视觉
doubao-lite-128k,Doubao-lite,128K,,,,,,,,,￥0.800~1.000/百万tokens
doubao-lite-32k,Doubao-lite,32K,,,,,,,,,￥0.300~0.600/百万tokens
doubao-lite-4k,Doubao-lite,4K,,,,,,,,,￥0.300~0.600/百万tokens
doubao-pro-256k,Doubao-pro,256K,,,,,,,,,￥5.000~9.000/百万tokens
doubao-pro-32k,Doubao-pro,32K,,,,,,,,,￥0.800~2.000/百万tokens
doubao-seed-1.6,Doubao-Seed-1.6,256K,,,,,0.4,1,0.8,2,￥0.400~1.000/百万tokens 高可用5折文本 || ￥0.002/次 高可用5折搜索 || ￥0.800~2.000/百万tokens 官方价文本 || ￥0.004/次 官方价搜索 || ￥0.160/百万tokens 官方价缓存命中 || ￥0.017/百万tokens 官方价缓存写入
doubao-seed-1.6-flash,Doubao-Seed-1.6-flash,256K,,,,,0.075,0.75,0.15,1.5,￥0.075~0.750/百万tokens 高可用5折文本 || ￥0.002/次 高可用5折搜索 || ￥0.150~1.500/百万tokens 官方价文本 || ￥0.004/次 官方价搜索 || ￥0.030/百万tokens 官方价缓存命中 || ￥0.017/百万tokens 官方价缓存写入
doubao-seed-1.6-lite,Doubao-Seed-1.6-lite,256K,,,,,0.15,0.3,0.3,0.6,￥0.150~0.300/百万tokens 高可用5折文本 || ￥0.002/次 高可用5折搜索 || ￥0.300~0.600/百万tokens 官方价文本 || ￥0.004/次 官方价搜索 || ￥0.060/百万tokens 官方价缓存命中 || ￥0.017/百万tokens 官方价缓存写入
doubao-seed-1.6-thinking,Doubao-Seed-1.6-thinking,256K,,,,,0.4,4,0.8,8,￥0.400~4.000/百万tokens 高可用5折 || ￥0.800~8.000/百万tokens 官方价文本 || ￥0.160/百万tokens 官方价缓存命中 || ￥0.017/百万tokens 官方价缓存写入
doubao-seed-1.6-vision,Doubao-Seed-1.6-vision,256K,,,,,0.4,4,0.8,8,￥0.400~4.000/百万tokens 高可用5折文本 || ￥0.002/次 高可用5折搜索 || ￥0.800~8.000/百万tokens 官方价文本 || ￥0.004/次 官方价搜索 || ￥0.160/百万tokens 官方价缓存命中 || ￥0.017/百万tokens 官方价缓存写入
doubao-seed-1.8,Doubao-Seed-1.8,256K,,,,,0.4,1,0.8,2,￥0.400~1.000/百万tokens 高可用5折文本 || ￥0.002/次 高可用5折搜索 || ￥0.800~2.000/百万tokens 官方价文本 || ￥0.004/次 官方价搜索 || ￥0.160/百万tokens 官方价缓存命中 || ￥0.017/百万tokens 官方价缓存写入
doubao-seed-2.0-code,Doubao-Seed-2.0-Code,256K,,,,,0.4,1,0.8,2,￥0.400~1.000/百万tokens 高可用5折文本 || ￥0.002/次 高可用5折搜索 || ￥0.800~2.000/百万tokens 官方价文本 || ￥0.004/次 官方价搜索 || ￥0.640/百万tokens 官方价缓存命中
doubao-seed-2.0-lite,Doubao-Seed-2.0-lite,256K,,,,,0.3,1.8,0.6,3.6,￥0.300~1.800/百万tokens 高可用5折文本 || ￥0.002/次 高可用5折搜索 || ￥0.600~3.600/百万tokens 官方价文本 || ￥0.004/次 官方价搜索 || ￥0.120/百万tokens 官方价缓存命中
doubao-seed-2.0-mini,Doubao-Seed-2.0-mini,256K,,,,,0.1,1,0.2,2,￥0.100~1.000/百万tokens 高可用5折文本 || ￥0.002/次 高可用5折搜索 || ￥0.200~2.000/百万tokens 官方价文本 || ￥0.004/次 官方价搜索 || ￥0.040/百万tokens 官方价缓存命中
doubao-seed-2.0-pro,Doubao-Seed-2.0-pro,256K,,,,,1.6,8,3.2,16,￥1.600~8.000/百万tokens 高可用5折文本 || ￥0.002/次 高可用5折搜索 || ￥3.200~16.000/百万tokens 官方价文本 || ￥0.004/次 官方价搜索 || ￥0.640/百万tokens 官方价缓存命中
doubao-seed-code-preview,Doubao-Seed-Code,256K,,,,,0.6,4,1.2,8,￥0.600~4.000/百万tokens 高可用5折文本 || ￥0.002/次 高可用5折搜索 || ￥1.200~8.000/百万tokens 官方价文本 || ￥0.004/次 官方价搜索 || ￥0.240/百万tokens 官方价缓存命中 || ￥0.017/百万tokens 官方价缓存写入
doubao-seed3d-1.0,Doubao-Seed3D-1.0,0.5K,,,,,,,,,￥40.000/百万tokens 高可用5折 || ￥80.000/百万tokens 官方价
doubao-seedance-1.0-lite-i2v,Doubao-Seedance-1.0-lite-i2v,1K,,,,,,,,,￥1.920/个 高可用8折 || ￥2.400/个 官方价
doubao-seedance-1.0-lite-t2v,Doubao-Seedance-1.0-lite-t2v,1K,,,,,,,,,￥1.920/个 高可用8折 || ￥2.400/个 官方价
doubao-seedance-1.0-pro,Doubao-Seedance-1.0-pro,1K,,,,,,,,,￥2.880/个 高可用8折 || ￥3.600/个 官方价
doubao-seedance-1.0-pro-fast,Doubao-Seedance-1.0-pro-fast,1K,,,,,,,,,￥0.800/个 高可用8折 || ￥1.000/个 官方价
doubao-seedance-1.5-pro,Doubao-Seedance-1.5-pro,1K,,,,,,,,,￥0.280/秒 高可用8折 || ￥0.350/秒 官方价
doubao-seedance-2.0,Doubao-Seedance-2.0,1K,,,,,,,,,￥0.500/秒
doubao-seedance-2.0-fast,Doubao-Seedance-2.0-fast,1K,,,,,,,,,￥0.400/秒
doubao-seededit-3.0-i2i,Doubao-SeedEdit-3.0-i2i,0.3K,,,,,,,,,￥0.150/张 高可用5折 || ￥0.300/张 官方价
doubao-seedream-3.0-t2i,Doubao-Seedream-3.0-t2i,0.3K,,,,,,,,,￥0.200/张 高可用8折 || ￥0.250/张 官方价
doubao-seedream-4.0,Doubao-Seedream-4.0,0.3K,,,,,,,,,￥0.160/张 高可用8折 || ￥0.200/张 官方价
doubao-seedream-4.5,Doubao-Seedream-4.5,0.3K,,,,,,,,,￥0.200/张 高可用8折 || ￥0.250/张 官方价
doubao-seedream-5.0-lite,Doubao-Seedream-5.0-lite,0.3K,,,,,,,,,￥0.176/张 高可用8折 || ￥0.220/张 官方价
doubao-transcribe,豆包语音识别模型,16K,,,,,,,,,￥0.039/分钟
doubao-tts,豆包语音合成模型,-,,,,,,,,,￥450.000/百万字符
doubao-vision-lite,Doubao-vision-lite,32K,,,,,,,,,￥1.500~4.500/百万tokens
doubao-vision-pro,Doubao-vision-pro,32K,,,,,,,,,￥3.000~9.000/百万tokens
embed-english-light-v3.0,Embed v3 英文轻量版,0.5K,,,,,,,,,￥0.750/百万tokens 文本 || ￥0.750/百万tokens 视觉
embed-english-v3.0,Embed v3 英文版,0.5K,,,,,,,,,￥0.750/百万tokens 文本 || ￥0.750/百万tokens 视觉
embed-multilingual-light-v3.0,Embed v3 多语言轻量版,0.5K,,,,,,,,,￥0.750/百万tokens 文本 || ￥0.750/百万tokens 视觉
embed-multilingual-v3.0,Embed v3 多语言版,0.5K,,,,,,,,,￥0.750/百万tokens 文本 || ￥0.750/百万tokens 视觉
embed-v4.0,Embed v4 多模态版,128K,,,,,,,,,￥0.900/百万tokens 文本 || ￥3.750/百万tokens 视觉
embedding-3,Embedding-3,8K,,,,,,,,,￥0.500/百万tokens
ernie-3.5-128k,ERNIE 3.5,128K,,,,,,,,,￥0.800~2.000/百万tokens
ernie-4.0-8k,ERNIE 4.0,8K,,,,,,,,,￥4.000~16.000/百万tokens
ernie-4.0-turbo-128k,ERNIE 4.0 Turbo,120K,,,,,,,,,￥3.000~9.000/百万tokens
ernie-4.0-turbo-8k,ERNIE 4.0 Turbo,8K,,,,,,,,,￥20.000/百万tokens
ernie-4.5-0.3b,ERNIE-4.5-0.3B,120K,,,,,,,,,免费
ernie-4.5-21b-a3b,ERNIE-4.5-21B-A3B,120K,,,,,,,,,￥0.500~2.000/百万tokens 文本 || ￥0.004/次 搜索
ernie-4.5-21b-a3b-thinking,ERNIE-4.5-21B-A3B-Thinking,120K,,,,,,,,,￥0.500~2.000/百万tokens
ernie-4.5-300b-a47b,ERNIE-4.5-300B-A47B,123K,,,,,,,,,￥3.000~9.000/百万tokens
ernie-4.5-8k-preview,ERNIE 4.5,8K,,,,,,,,,￥4.000~16.000/百万tokens 文本 || ￥0.004/次 搜索
ernie-4.5-turbo-128k,ERNIE-4.5-Turbo-128K,120K,,,,,,,,,￥0.800~3.200/百万tokens 文本 || ￥0.004/次 搜索
ernie-4.5-turbo-32k,ERNIE-4.5-Turbo-32K,32K,,,,,,,,,￥0.800~3.200/百万tokens 文本 || ￥0.004/次 搜索
ernie-4.5-turbo-vl,ERNIE-4.5-Turbo-VL,123K,,,,,,,,,￥3.000~9.000/百万tokens
ernie-4.5-turbo-vl-32k,ERNIE-4.5-Turbo-VL-32K,32K,,,,,,,,,￥3.000~9.000/百万tokens
ernie-4.5-turbo-vl-preview,ERNIE-4.5-Turbo-VL-Preview,120K,,,,,,,,,￥3.000~9.000/百万tokens
ernie-4.5-vl-28b-a3b,ERNIE-4.5-VL-28B-A3B,120K,,,,,,,,,￥1.000~4.000/百万tokens
ernie-4.5-vl-424b-a47b,ERNIE-4.5-VL-424B-A47B,123K,,,,,,,,,￥4.000~10.000/百万tokens
ernie-5.0-thinking-preview,ERNIE-5.0-Preview,128K,,,,,,,,,￥6.000~24.000/百万tokens 文本 || ￥0.004/次 搜索
ernie-char-8k,ERNIE Character,8K,,,,,,,,,￥4.000~8.000/百万tokens
ernie-lite-8k,ERNIE Lite,8K,,,,,,,,,免费
ernie-lite-pro-128k,ERNIE Lite Pro,128K,,,,,,,,,￥0.200~0.400/百万tokens
ernie-novel-8k,ERNIE Novel,8K,,,,,,,,,￥40.000~120.000/百万tokens
ernie-speed-128k,ERNIE Speed,128K,,,,,,,,,免费
ernie-speed-pro-128k,ERNIE Speed Pro,128K,,,,,,,,,￥0.300~0.600/百万tokens
ernie-x1-32k-preview,ERNIE X1,24K,,,,,,,,,￥2.000~8.000/百万tokens
ernie-x1-turbo-32k,ERNIE-X1-Turbo-32K,32K,,,,,,,,,￥1.000~4.000/百万tokens 文本 || ￥0.004/次 搜索
ernie-x1-turbo-32k-preview,ERNIE-X1-Turbo-32K-Preview,32K,,,,,,,,,￥1.000~4.000/百万tokens 文本 || ￥0.004/次 搜索
ernie-x1.1-preview,ERNIE-X1.1-Preview,64K,,,,,,,,,￥1.000~4.000/百万tokens 文本 || ￥0.004/次 搜索
farui-plus,通义法睿-Plus,12K,,,,,,,,,￥20.000/百万tokens
gemini-2.0-flash,Gemini 2.0 Flash,1024K,0.075,0.3,0.225,0.9,0.375,1.5,0.75,3,￥0.075~0.300/百万tokens 低价1折文本 || ￥0.026/次 低价1折搜索 || ￥0.225~0.900/百万tokens 均衡3折文本 || ￥0.079/次 均衡3折搜索 || ￥0.375~1.500/百万tokens 高可用5折文本 || ￥0.131/次 高可用5折搜索 || ￥0.750~3.000/百万tokens 官方价文本 || ￥0.263/次 官方价搜索
gemini-2.0-flash-exp-image-generation,Gemini 2.0 Flash 画图体验版,32K,,,,,,,,,免费 均衡文本 || ￥0.090/张 均衡4折画图 || 免费 高可用文本 || ￥0.135/张 高可用6折画图 || 免费 官方价文本 || ￥0.225/张 官方价画图
gemini-2.0-flash-lite,Gemini 2.0 Flash-Lite,1024K,0.056,0.225,0.169,0.675,0.281,1.125,0.563,2.25,￥0.056~0.225/百万tokens 低价1折 || ￥0.169~0.675/百万tokens 均衡3折 || ￥0.281~1.125/百万tokens 高可用5折 || ￥0.563~2.250/百万tokens 官方价
gemini-2.0-flash-preview-image-generation,Gemini 2.0 Flash 画图版,32K,0.075,0.3,0.225,0.9,0.375,1.5,0.75,3,￥0.075~0.300/百万tokens 低价1折文本 || ￥0.030/张 低价1折画图 || ￥0.225~0.900/百万tokens 均衡3折文本 || ￥0.090/张 均衡3折画图 || ￥0.375~1.500/百万tokens 高可用5折文本 || ￥0.150/张 高可用5折画图 || ￥0.750~3.000/百万tokens 官方价文本 || ￥0.300/张 官方价画图 || ￥0.188/百万tokens 官方价缓存命中
gemini-2.5-flash,Gemini 2.5 Flash,1024K,0.225,1.875,0.675,5.625,1.125,9.375,2.25,18.75,￥0.225~1.875/百万tokens 低价1折文本 || ￥0.026/次 低价1折搜索 || ￥0.675~5.625/百万tokens 均衡3折文本 || ￥0.079/次 均衡3折搜索 || ￥1.125~9.375/百万tokens 高可用5折文本 || ￥0.131/次 高可用5折搜索 || ￥2.250~18.750/百万tokens 官方价文本 || ￥0.263/次 官方价搜索 || ￥0.563/百万tokens 官方价缓存命中
gemini-2.5-flash-deepsearch,Gemini 2.5 Flash 深度搜索版,1024K,,,,,,,,,￥4.950~39.600/百万tokens
gemini-2.5-flash-image,Gemini 2.5 Flash 画图版,32K,0.225,1.875,0.675,5.625,1.125,9.375,2.25,18.75,￥0.225~1.875/百万tokens 低价1折文本 || ￥0.030/张 低价1折画图 || ￥0.675~5.625/百万tokens 均衡3折文本 || ￥0.090/张 均衡3折画图 || ￥1.125~9.375/百万tokens 高可用5折文本 || ￥0.150/张 高可用5折画图 || ￥2.250~18.750/百万tokens 官方价文本 || ￥0.300/张 官方价画图 || ￥0.563/百万tokens 官方价缓存命中
gemini-2.5-flash-image-preview,Gemini 2.5 Flash 画图版,32K,0.225,1.875,0.675,5.625,1.125,9.375,2.25,18.75,￥0.225~1.875/百万tokens 低价1折文本 || ￥0.030/张 低价1折画图 || ￥0.675~5.625/百万tokens 均衡3折文本 || ￥0.090/张 均衡3折画图 || ￥1.125~9.375/百万tokens 高可用5折文本 || ￥0.150/张 高可用5折画图 || ￥2.250~18.750/百万tokens 官方价文本 || ￥0.300/张 官方价画图 || ￥0.563/百万tokens 官方价缓存命中
gemini-2.5-flash-lite,Gemini 2.5 Flash-Lite,1024K,,,0.225,0.9,0.375,1.5,0.75,3,￥0.225~0.900/百万tokens 均衡3折文本 || ￥0.079/次 均衡3折搜索 || ￥0.375~1.500/百万tokens 高可用5折文本 || ￥0.131/次 高可用5折搜索 || ￥0.750~3.000/百万tokens 官方价文本 || ￥0.263/次 官方价搜索 || ￥0.188/百万tokens 官方价缓存命中
gemini-2.5-flash-lite-preview-06-17,Gemini 2.5 Flash-Lite 预览版 V0617,1024K,0.075,0.3,0.225,0.9,0.375,1.5,0.75,3,￥0.075~0.300/百万tokens 低价1折 || ￥0.225~0.900/百万tokens 均衡3折 || ￥0.375~1.500/百万tokens 高可用5折 || ￥0.750~3.000/百万tokens 官方价文本 || ￥0.188/百万tokens 官方价缓存命中
gemini-2.5-flash-lite-preview-06-17:no-thinking,Gemini 2.5 Flash-Lite-Preview 快速版,1024K,0.075,0.3,0.225,0.9,0.375,1.5,0.75,3,￥0.075~0.300/百万tokens 低价1折 || ￥0.225~0.900/百万tokens 均衡3折 || ￥0.375~1.500/百万tokens 高可用5折 || ￥0.750~3.000/百万tokens 官方价文本 || ￥0.188/百万tokens 官方价缓存命中
gemini-2.5-flash-lite-preview-09-2025,Gemini 2.5 Flash-Lite 预览版,1024K,0.075,0.3,0.225,0.9,0.375,1.5,0.75,3,￥0.075~0.300/百万tokens 低价1折文本 || ￥0.026/次 低价1折搜索 || ￥0.225~0.900/百万tokens 均衡3折文本 || ￥0.079/次 均衡3折搜索 || ￥0.375~1.500/百万tokens 高可用5折文本 || ￥0.131/次 高可用5折搜索 || ￥0.750~3.000/百万tokens 官方价文本 || ￥0.263/次 官方价搜索 || ￥0.188/百万tokens 官方价缓存命中
gemini-2.5-flash-lite:no-thinking,Gemini 2.5 Flash-Lite 快速版,1024K,,,0.225,0.9,0.375,1.5,0.75,3,￥0.225~0.900/百万tokens 均衡3折文本 || ￥0.079/次 均衡3折搜索 || ￥0.375~1.500/百万tokens 高可用5折文本 || ￥0.131/次 高可用5折搜索 || ￥0.750~3.000/百万tokens 官方价文本 || ￥0.263/次 官方价搜索 || ￥0.188/百万tokens 官方价缓存命中
gemini-2.5-flash-preview-04-17,Gemini 2.5 Flash 预览版 V0417,1024K,0.225,1.875,0.675,5.625,1.125,9.375,2.25,18.75,￥0.225~1.875/百万tokens 低价1折 || ￥0.675~5.625/百万tokens 均衡3折 || ￥1.125~9.375/百万tokens 高可用5折 || ￥2.250~18.750/百万tokens 官方价文本 || ￥0.563/百万tokens 官方价缓存命中
gemini-2.5-flash-preview-04-17:no-thinking,Gemini 2.5 Flash 快速版 V0417,1024K,,,,,,,,,￥2.250~18.750/百万tokens 文本 || ￥0.563/百万tokens 缓存命中
gemini-2.5-flash-preview-05-20,Gemini 2.5 Flash 预览版 V0520,1024K,0.225,1.875,0.675,5.625,1.125,9.375,2.25,18.75,￥0.225~1.875/百万tokens 低价1折 || ￥0.675~5.625/百万tokens 均衡3折 || ￥1.125~9.375/百万tokens 高可用5折 || ￥2.250~18.750/百万tokens 官方价文本 || ￥0.563/百万tokens 官方价缓存命中
gemini-2.5-flash-preview-05-20:no-thinking,Gemini 2.5 Flash 快速版 V0520,1024K,,,,,,,,,￥2.250~18.750/百万tokens 文本 || ￥0.563/百万tokens 缓存命中
gemini-2.5-flash-preview-09-2025,Gemini 2.5 Flash 预览版,1024K,0.225,1.875,0.675,5.625,1.125,9.375,2.25,18.75,￥0.225~1.875/百万tokens 低价1折文本 || ￥0.026/次 低价1折搜索 || ￥0.675~5.625/百万tokens 均衡3折文本 || ￥0.079/次 均衡3折搜索 || ￥1.125~9.375/百万tokens 高可用5折文本 || ￥0.131/次 高可用5折搜索 || ￥2.250~18.750/百万tokens 官方价文本 || ￥0.263/次 官方价搜索 || ￥0.563/百万tokens 官方价缓存命中
gemini-2.5-flash:no-thinking,Gemini 2.5 Flash 快速版,1024K,0.225,1.875,0.675,5.625,1.125,9.375,2.25,18.75,￥0.225~1.875/百万tokens 低价1折文本 || ￥0.026/次 低价1折搜索 || ￥0.675~5.625/百万tokens 均衡3折文本 || ￥0.079/次 均衡3折搜索 || ￥1.125~9.375/百万tokens 高可用5折文本 || ￥0.131/次 高可用5折搜索 || ￥2.250~18.750/百万tokens 官方价文本 || ￥0.263/次 官方价搜索 || ￥0.563/百万tokens 官方价缓存命中
gemini-2.5-pro,Gemini 2.5 Pro,1024K,0.938,7.5,2.813,22.5,4.688,37.5,9.375,75,￥0.938~7.500/百万tokens 低价1折文本 || ￥0.026/次 低价1折搜索 || ￥2.813~22.500/百万tokens 均衡3折文本 || ￥0.079/次 均衡3折搜索 || ￥4.688~37.500/百万tokens 高可用5折文本 || ￥0.131/次 高可用5折搜索 || ￥9.375~75.000/百万tokens 官方价文本 || ￥0.263/次 官方价搜索 || ￥2.400/百万tokens 官方价缓存命中
gemini-2.5-pro-deepsearch,Gemini 2.5 Pro 深度搜索版,1024K,,,,,,,,,￥8.250~66.000/百万tokens
gemini-2.5-pro-preview-03-25,Gemini 2.5 Pro 预览版 V0325,1024K,0.938,7.5,2.813,22.5,4.688,37.5,9.375,75,￥0.938~7.500/百万tokens 低价1折 || ￥2.813~22.500/百万tokens 均衡3折 || ￥4.688~37.500/百万tokens 高可用5折 || ￥9.375~75.000/百万tokens 官方价文本 || ￥2.400/百万tokens 官方价缓存命中
gemini-2.5-pro-preview-05-06,Gemini 2.5 Pro 预览版 V0506,1024K,0.938,7.5,2.813,22.5,4.688,37.5,9.375,75,￥0.938~7.500/百万tokens 低价1折 || ￥2.813~22.500/百万tokens 均衡3折 || ￥4.688~37.500/百万tokens 高可用5折 || ￥9.375~75.000/百万tokens 官方价文本 || ￥2.400/百万tokens 官方价缓存命中
gemini-2.5-pro-preview-06-05,Gemini 2.5 Pro 预览版 V0605,1024K,0.938,7.5,2.813,22.5,4.688,37.5,9.375,75,￥0.938~7.500/百万tokens 低价1折 || ￥2.813~22.500/百万tokens 均衡3折 || ￥4.688~37.500/百万tokens 高可用5折 || ￥9.375~75.000/百万tokens 官方价文本 || ￥2.400/百万tokens 官方价缓存命中
gemini-2.5-pro:fast-thinking,Gemini 2.5 Pro 快速版,1024K,0.938,7.5,2.813,22.5,4.688,37.5,9.375,75,￥0.938~7.500/百万tokens 低价1折文本 || ￥0.026/次 低价1折搜索 || ￥2.813~22.500/百万tokens 均衡3折文本 || ￥0.079/次 均衡3折搜索 || ￥4.688~37.500/百万tokens 高可用5折文本 || ￥0.131/次 高可用5折搜索 || ￥9.375~75.000/百万tokens 官方价文本 || ￥0.263/次 官方价搜索 || ￥2.400/百万tokens 官方价缓存命中
gemini-3-flash-preview,Gemini 3 Flash 预览版,1024K,0.375,2.25,1.125,6.75,1.875,11.25,3.75,22.5,￥0.375~2.250/百万tokens 低价1折文本 || ￥0.011/次 低价1折搜索 || ￥1.125~6.750/百万tokens 均衡3折文本 || ￥0.032/次 均衡3折搜索 || ￥1.875~11.250/百万tokens 高可用5折文本 || ￥0.053/次 高可用5折搜索 || ￥3.750~22.500/百万tokens 官方价文本 || ￥0.105/次 官方价搜索 || ￥0.375/百万tokens 官方价缓存命中
gemini-3-flash-preview:no-thinking,Gemini 3 Flash 快速版,1024K,0.375,2.25,1.125,6.75,1.875,11.25,3.75,22.5,￥0.375~2.250/百万tokens 低价1折文本 || ￥0.011/次 低价1折搜索 || ￥1.125~6.750/百万tokens 均衡3折文本 || ￥0.032/次 均衡3折搜索 || ￥1.875~11.250/百万tokens 高可用5折文本 || ￥0.053/次 高可用5折搜索 || ￥3.750~22.500/百万tokens 官方价文本 || ￥0.105/次 官方价搜索 || ￥0.375/百万tokens 官方价缓存命中
gemini-3-pro-image-preview,Gemini 3 Pro 画图版,65K,,,,,,,,,￥0.100/次 低价1折 || ￥0.300/次 均衡3折 || ￥0.500/次 高可用5折 || ￥1.000/次 官方价
gemini-3-pro-preview,Gemini 3 Pro 预览版,1024K,1.5,9,4.5,27,7.5,45,15,90,￥1.500~9.000/百万tokens 低价1折文本 || ￥0.011/次 低价1折搜索 || ￥4.500~27.000/百万tokens 均衡3折文本 || ￥0.032/次 均衡3折搜索 || ￥7.500~45.000/百万tokens 高可用5折文本 || ￥0.053/次 高可用5折搜索 || ￥15.000~90.000/百万tokens 官方价文本 || ￥0.105/次 官方价搜索 || ￥1.500/百万tokens 官方价缓存命中
gemini-3-pro-preview:fast-thinking,Gemini 3 Pro 快速版,1024K,1.5,9,4.5,27,7.5,45,15,90,￥1.500~9.000/百万tokens 低价1折文本 || ￥0.011/次 低价1折搜索 || ￥4.500~27.000/百万tokens 均衡3折文本 || ￥0.032/次 均衡3折搜索 || ￥7.500~45.000/百万tokens 高可用5折文本 || ￥0.053/次 高可用5折搜索 || ￥15.000~90.000/百万tokens 官方价文本 || ￥0.105/次 官方价搜索 || ￥1.500/百万tokens 官方价缓存命中
gemini-3.1-flash-image-preview,Gemini 3.1 Flash 画图版,128K,,,,,,,,,￥0.050/次 低价1折 || ￥0.150/次 均衡3折 || ￥0.250/次 高可用5折 || ￥0.500/次 官方价
gemini-3.1-flash-lite-preview,Gemini 3.1 Flash-Lite 预览版,1024K,,,0.563,3.375,0.938,5.625,1.875,11.25,￥0.563~3.375/百万tokens 均衡3折文本 || ￥0.032/次 均衡3折搜索 || ￥0.938~5.625/百万tokens 高可用5折文本 || ￥0.053/次 高可用5折搜索 || ￥1.875~11.250/百万tokens 官方价文本 || ￥0.105/次 官方价搜索 || ￥0.188/百万tokens 官方价缓存命中
gemini-3.1-pro-preview,Gemini 3.1 Pro 预览版,1024K,1.5,9,4.5,27,7.5,45,15,90,￥1.500~9.000/百万tokens 低价1折文本 || ￥0.011/次 低价1折搜索 || ￥4.500~27.000/百万tokens 均衡3折文本 || ￥0.032/次 均衡3折搜索 || ￥7.500~45.000/百万tokens 高可用5折文本 || ￥0.053/次 高可用5折搜索 || ￥15.000~90.000/百万tokens 官方价文本 || ￥0.105/次 官方价搜索 || ￥1.500/百万tokens 官方价缓存命中
gemini-3.1-pro-preview:fast-thinking,Gemini 3.1 Pro 快速版,1024K,1.5,9,4.5,27,7.5,45,15,90,￥1.500~9.000/百万tokens 低价1折文本 || ￥0.011/次 低价1折搜索 || ￥4.500~27.000/百万tokens 均衡3折文本 || ￥0.032/次 均衡3折搜索 || ￥7.500~45.000/百万tokens 高可用5折文本 || ￥0.053/次 高可用5折搜索 || ￥15.000~90.000/百万tokens 官方价文本 || ￥0.105/次 官方价搜索 || ￥1.500/百万tokens 官方价缓存命中
gemini-embedding-001,Gemini Embedding 001,8K,,,,,,,,,￥1.125/百万tokens
gemma-3-12b-it:free,Gemma 3 12B 免费版,128K,,,,,,,,,免费
gemma-3-1b-it:free,Gemma 3 1B 免费版,32K,,,,,,,,,免费
gemma-3-27b-it,Gemma 3 27B 高可用版,128K,,,,,,,,,￥2.250~3.750/百万tokens
gemma-3-27b-it:free,Gemma 3 27B 免费版,128K,,,,,,,,,免费
gemma-3-4b-it:free,Gemma 3 4B 免费版,128K,,,,,,,,,免费
gemma-3n-e4b-it:free,Gemma 3 E4B 免费版,8K,,,,,,,,,免费
gemma-4-26b-a4b-it,Gemma 4 26B A4B,256K,,,,,,,,,￥0.975~3.000/百万tokens
gemma-4-31b-it,Gemma 4 31B,256K,,,,,,,,,￥1.050~3.000/百万tokens
glm-3-turbo,GLM-3-Turbo,128K,,,,,,,,,￥0.800/百万tokens 高可用8折文本 || ￥0.008/次 高可用8折搜索 || ￥1.000/百万tokens 官方价文本 || ￥0.010/次 官方价搜索
glm-4-32b,GLM-4-32B,32K,,,,,,,,,￥0.240/百万tokens
glm-4-9b,GLM-4-9B,32K,,,,,,,,,免费
glm-4-air,GLM-4-Air,128K,,,,,,,,,￥0.400/百万tokens 高可用8折文本 || ￥0.008/次 高可用8折搜索 || ￥0.500/百万tokens 官方价文本 || ￥0.010/次 官方价搜索
glm-4-airx,GLM-4-AirX,8K,,,,,,,,,￥8.000/百万tokens 高可用8折文本 || ￥0.008/次 高可用8折搜索 || ￥10.000/百万tokens 官方价文本 || ￥0.010/次 官方价搜索
glm-4-alltools,GLM-4-AllTools,128K,,,,,,,,,￥80.000/百万tokens 高可用8折文本 || ￥0.008/次 高可用8折搜索 || ￥100.000/百万tokens 官方价文本 || ￥0.010/次 官方价搜索
glm-4-flash,GLM-4-Flash,128K,,,,,,,,,免费 文本 || ￥0.010/次 搜索
glm-4-flashx,GLM-4-FlashX,128K,,,,,,,,,免费 高可用文本 || ￥0.008/次 高可用8折搜索 || 免费 官方价文本 || ￥0.010/次 官方价搜索
glm-4-long,GLM-4-Long,1024K,,,,,,,,,￥0.800/百万tokens 高可用8折文本 || ￥0.008/次 高可用8折搜索 || ￥1.000/百万tokens 官方价文本 || ￥0.010/次 官方价搜索
glm-4-plus,GLM-4-Plus,128K,,,,,,,,,￥4.000/百万tokens 高可用8折文本 || ￥0.008/次 高可用8折搜索 || ￥5.000/百万tokens 官方价文本 || ￥0.010/次 官方价搜索
glm-4-voice,GLM-4-Voice,128K,,,,,,,,,￥64.000/百万tokens 高可用8折文本 || ￥64.000/百万tokens 高可用8折语音 || ￥80.000/百万tokens 官方价文本 || ￥80.000/百万tokens 官方价语音
glm-4.1v-thinking-flash,GLM-4.1V-Thinking 免费版,64K,,,,,,,,,免费
glm-4.1v-thinking-flashx,GLM-4.1V-Thinking 高并发版,64K,,,,,,,,,￥1.600/百万tokens 高可用8折 || ￥2.000/百万tokens 官方价
glm-4.5,GLM-4.5,128K,,,,,1,4,2,8,￥1.000~4.000/百万tokens 高可用5折文本 || ￥0.005/次 高可用5折搜索 || ￥2.000~8.000/百万tokens 官方价文本 || ￥0.010/次 官方价搜索 || ￥0.400/百万tokens 官方价缓存命中
glm-4.5-air,GLM-4.5-Air,128K,,,,,0.4,1,0.8,2,￥0.400~1.000/百万tokens 高可用5折文本 || ￥0.005/次 高可用5折搜索 || ￥0.800~2.000/百万tokens 官方价文本 || ￥0.010/次 官方价搜索 || ￥0.160/百万tokens 官方价缓存命中
glm-4.5-air:free,GLM-4.5-Air 免费版,128K,,,,,,,,,免费
glm-4.5-airx,GLM-4.5-AirX,128K,,,,,2,6,4,12,￥2.000~6.000/百万tokens 高可用5折文本 || ￥0.005/次 高可用5折搜索 || ￥4.000~12.000/百万tokens 官方价文本 || ￥0.010/次 官方价搜索 || ￥0.800/百万tokens 官方价缓存命中
glm-4.5-flash,GLM-4.5-Flash,128K,,,,,,,,,免费 文本 || ￥0.010/次 搜索
glm-4.5-x,GLM-4.5-X,128K,,,,,4,8,8,16,￥4.000~8.000/百万tokens 高可用5折文本 || ￥0.005/次 高可用5折搜索 || ￥8.000~16.000/百万tokens 官方价文本 || ￥0.010/次 官方价搜索 || ￥1.600/百万tokens 官方价缓存命中
glm-4.5v,GLM-4.5V,64K,,,,,1,3,2,6,￥1.000~3.000/百万tokens 高可用5折 || ￥2.000~6.000/百万tokens 官方价文本 || ￥0.400/百万tokens 官方价缓存命中
glm-4.6,GLM-4.6,200K,,,,,1,4,2,8,￥1.000~4.000/百万tokens 高可用5折文本 || ￥0.005/次 高可用5折搜索 || ￥2.000~8.000/百万tokens 官方价文本 || ￥0.010/次 官方价搜索 || ￥0.400/百万tokens 官方价缓存命中
glm-4.6v,GLM-4.6V,128K,,,,,0.5,1.5,1,3,￥0.500~1.500/百万tokens 高可用5折 || ￥1.000~3.000/百万tokens 官方价文本 || ￥0.200/百万tokens 官方价缓存命中
glm-4.6v-flash,GLM-4.6V 免费版,128K,,,,,,,,,免费
glm-4.6v-flashx,GLM-4.6V-FlashX,128K,,,,,0.075,0.75,0.15,1.5,￥0.075~0.750/百万tokens 高可用5折 || ￥0.150~1.500/百万tokens 官方价文本 || ￥0.030/百万tokens 官方价缓存命中
glm-4.7,GLM-4.7,200K,,,,,1,4,2,8,￥1.000~4.000/百万tokens 高可用5折文本 || ￥0.005/次 高可用5折搜索 || ￥2.000~8.000/百万tokens 官方价文本 || ￥0.010/次 官方价搜索 || ￥0.400/百万tokens 官方价缓存命中
glm-4.7-flash,GLM-4.7 免费版,200K,,,,,,,,,免费 文本 || ￥0.010/次 搜索
glm-4.7-flashx,GLM-4.7-FlashX,200K,,,,,0.25,1.5,0.5,3,￥0.250~1.500/百万tokens 高可用5折文本 || ￥0.005/次 高可用5折搜索 || ￥0.500~3.000/百万tokens 官方价文本 || ￥0.010/次 官方价搜索 || ￥0.100/百万tokens 官方价缓存命中
glm-4v-flash,GLM-4V-Flash,8K,,,,,,,,,免费
glm-4v-plus,GLM-4V-Plus,8K,,,,,,,,,￥3.200/百万tokens 高可用8折 || ￥4.000/百万tokens 官方价
glm-5,GLM-5,200K,,,,,3.2,14.4,4,18,￥3.200~14.400/百万tokens 高可用8折文本 || ￥0.008/次 高可用8折搜索 || ￥4.000~18.000/百万tokens 官方价文本 || ￥0.010/次 官方价搜索 || ￥1.000/百万tokens 官方价缓存命中
glm-5-turbo,GLM-5-Turbo,200K,,,,,4,17.6,5,22,￥4.000~17.600/百万tokens 高可用8折文本 || ￥0.008/次 高可用8折搜索 || ￥5.000~22.000/百万tokens 官方价文本 || ￥0.010/次 官方价搜索 || ￥1.200/百万tokens 官方价缓存命中
glm-5.1,GLM-5.1,200K,,,,,4.8,19.2,6,24,￥4.800~19.200/百万tokens 高可用8折文本 || ￥0.008/次 高可用8折搜索 || ￥6.000~24.000/百万tokens 官方价文本 || ￥0.010/次 官方价搜索 || ￥1.300/百万tokens 官方价缓存命中
glm-5v-turbo,GLM-5V-Turbo,200K,,,,,4,17.6,5,22,￥4.000~17.600/百万tokens 高可用8折 || ￥5.000~22.000/百万tokens 官方价文本 || ￥1.200/百万tokens 官方价缓存命中
glm-search-pro,智谱搜索高阶版,-,,,,,,,,,￥0.015/次 高可用5折 || ￥0.030/次 官方价
glm-search-pro-quark,夸克搜索,-,,,,,,,,,￥0.025/次 高可用5折 || ￥0.050/次 官方价
glm-search-pro-sogou,搜狗搜索,-,,,,,,,,,￥0.025/次 高可用5折 || ￥0.050/次 官方价
glm-search-std,智谱搜索标准版,-,,,,,,,,,￥0.005/次 高可用5折 || ￥0.010/次 官方价
glm-z1-32b,GLM-Z1-32B,32K,,,,,,,,,￥0.240/百万tokens
glm-z1-9b,GLM-Z1-9B,32K,,,,,,,,,免费
glm-z1-air,GLM-Z1-Air,32K,,,,,,,,,￥0.400/百万tokens 高可用8折 || ￥0.500/百万tokens 官方价
glm-z1-airx,GLM-Z1-AirX,32K,,,,,,,,,￥4.000/百万tokens 高可用8折 || ￥5.000/百万tokens 官方价
glm-z1-flash,GLM-Z1-Flash,32K,,,,,,,,,免费
glm-z1-flashx,GLM-Z1-FlashX,32K,,,,,,,,,免费 高可用 || 免费 官方价
glm-z1-rumination-32b,GLM-Z1-Rumination-32B,32K,,,,,,,,,￥0.240/百万tokens
glm-zero-preview,GLM-Zero-Preview,16K,,,,,,,,,￥10.000/百万tokens
gpt-3.5-turbo,GPT-3.5 Turbo,16K,0.375,1.125,1.125,3.375,1.875,5.625,3.75,11.25,￥0.375~1.125/百万tokens 低价1折 || ￥1.125~3.375/百万tokens 均衡3折 || ￥1.875~5.625/百万tokens 高可用5折 || ￥3.750~11.250/百万tokens 官方价
gpt-4,GPT-4,8K,22.5,45,67.5,135,112.5,225,225,450,￥22.500~45.000/百万tokens 低价1折 || ￥67.500~135.000/百万tokens 均衡3折 || ￥112.500~225.000/百万tokens 高可用5折 || ￥225.000~450.000/百万tokens 官方价
gpt-4-32k,GPT-4-32K,32K,45,90,135,270,225,450,450,900,￥45.000~90.000/百万tokens 低价1折 || ￥135.000~270.000/百万tokens 均衡3折 || ￥225.000~450.000/百万tokens 高可用5折 || ￥450.000~900.000/百万tokens 官方价
gpt-4-gizmo-*,GPTs,128K,,,,,,,,,￥225.000~450.000/百万tokens
gpt-4-turbo,GPT-4 Turbo,128K,7.5,22.5,22.5,67.5,37.5,112.5,75,225,￥7.500~22.500/百万tokens 低价1折 || ￥22.500~67.500/百万tokens 均衡3折 || ￥37.500~112.500/百万tokens 高可用5折 || ￥75.000~225.000/百万tokens 官方价
gpt-4.1,GPT-4.1,1024K,1.5,6,4.5,18,7.5,30,15,60,￥1.500~6.000/百万tokens 低价1折文本 || ￥0.032/张 低价1折画图 || ￥0.019/次 低价1折搜索 || ￥4.500~18.000/百万tokens 均衡3折文本 || ￥0.095/张 均衡3折画图 || ￥0.056/次 均衡3折搜索 || ￥7.500~30.000/百万tokens 高可用5折文本 || ￥0.158/张 高可用5折画图 || ￥0.094/次 高可用5折搜索 || ￥15.000~60.000/百万tokens 官方价文本 || ￥0.315/张 官方价画图 || ￥0.188/次 官方价搜索 || ￥3.750/百万tokens 官方价缓存命中
gpt-4.1-mini,GPT-4.1 mini,1024K,0.3,1.2,0.9,3.6,1.5,6,3,12,￥0.300~1.200/百万tokens 低价1折文本 || ￥0.032/张 低价1折画图 || ￥0.019/次 低价1折搜索 || ￥0.900~3.600/百万tokens 均衡3折文本 || ￥0.095/张 均衡3折画图 || ￥0.056/次 均衡3折搜索 || ￥1.500~6.000/百万tokens 高可用5折文本 || ￥0.158/张 高可用5折画图 || ￥0.094/次 高可用5折搜索 || ￥3.000~12.000/百万tokens 官方价文本 || ￥0.315/张 官方价画图 || ￥0.188/次 官方价搜索 || ￥0.750/百万tokens 官方价缓存命中
gpt-4.1-nano,GPT-4.1 nano,1024K,0.075,0.3,0.225,0.9,0.375,1.5,0.75,3,￥0.075~0.300/百万tokens 低价1折文本 || ￥0.032/张 低价1折画图 || ￥0.225~0.900/百万tokens 均衡3折文本 || ￥0.095/张 均衡3折画图 || ￥0.375~1.500/百万tokens 高可用5折文本 || ￥0.158/张 高可用5折画图 || ￥0.750~3.000/百万tokens 官方价文本 || ￥0.315/张 官方价画图 || ￥0.188/百万tokens 官方价缓存命中
gpt-4.5-preview,GPT-4.5 Preview,128K,56.25,112.5,168.75,337.5,281.25,562.5,562.5,1125,￥56.250~112.500/百万tokens 低价1折 || ￥168.750~337.500/百万tokens 均衡3折 || ￥281.250~562.500/百万tokens 高可用5折 || ￥562.500~1125.000/百万tokens 官方价
gpt-4o,GPT-4o,128K,1.875,7.5,5.625,22.5,9.375,37.5,18.75,75,￥1.875~7.500/百万tokens 低价1折文本 || ￥0.032/张 低价1折画图 || ￥0.019/次 低价1折搜索 || ￥5.625~22.500/百万tokens 均衡3折文本 || ￥0.095/张 均衡3折画图 || ￥0.056/次 均衡3折搜索 || ￥9.375~37.500/百万tokens 高可用5折文本 || ￥0.158/张 高可用5折画图 || ￥0.094/次 高可用5折搜索 || ￥18.750~75.000/百万tokens 官方价文本 || ￥0.315/张 官方价画图 || ￥0.188/次 官方价搜索 || ￥9.375/百万tokens 官方价缓存命中
gpt-4o-all,GPT-4o 体验版,128K,3.75,11.25,11.25,33.75,18.75,56.25,37.5,112.5,￥3.750~11.250/百万tokens 低价1折文本 || 免费 低价画图 || 免费 低价搜索 || ￥11.250~33.750/百万tokens 均衡3折文本 || 免费 均衡画图 || 免费 均衡搜索 || ￥18.750~56.250/百万tokens 高可用5折文本 || 免费 高可用画图 || 免费 高可用搜索 || ￥37.500~112.500/百万tokens 官方价
gpt-4o-audio-preview,GPT-4o Audio,128K,30,60,90,180,150,300,300,600,￥1.875~7.500/百万tokens 低价1折文本 || ￥30.000~60.000/百万tokens 低价1折语音 || ￥5.625~22.500/百万tokens 均衡3折文本 || ￥90.000~180.000/百万tokens 均衡3折语音 || ￥9.375~37.500/百万tokens 高可用5折文本 || ￥150.000~300.000/百万tokens 高可用5折语音 || ￥18.750~75.000/百万tokens 官方价文本 || ￥300.000~600.000/百万tokens 官方价语音
gpt-4o-image,GPT-4o 画图版,128K,3.75,11.25,11.25,33.75,18.75,56.25,37.5,112.5,￥3.750~11.250/百万tokens 低价1折文本 || ￥0.032/张 低价1折画图 || ￥11.250~33.750/百万tokens 均衡3折文本 || ￥0.095/张 均衡3折画图 || ￥18.750~56.250/百万tokens 高可用5折文本 || ￥0.158/张 高可用5折画图 || ￥37.500~112.500/百万tokens 官方价文本 || ￥0.315/张 官方价画图
gpt-4o-mini,GPT-4o mini,128K,0.113,0.45,0.338,1.35,0.563,2.25,1.125,4.5,￥0.113~0.450/百万tokens 低价1折文本 || ￥0.032/张 低价1折画图 || ￥0.019/次 低价1折搜索 || ￥0.338~1.350/百万tokens 均衡3折文本 || ￥0.095/张 均衡3折画图 || ￥0.056/次 均衡3折搜索 || ￥0.563~2.250/百万tokens 高可用5折文本 || ￥0.158/张 高可用5折画图 || ￥0.094/次 高可用5折搜索 || ￥1.125~4.500/百万tokens 官方价文本 || ￥0.315/张 官方价画图 || ￥0.188/次 官方价搜索 || ￥0.563/百万tokens 官方价缓存命中
gpt-4o-mini-audio-preview,GPT-4o mini Audio,128K,,,30,60,37.5,75,75,150,￥0.450~1.800/百万tokens 均衡4折文本 || ￥30.000~60.000/百万tokens 均衡4折语音 || ￥0.563~2.250/百万tokens 高可用5折文本 || ￥37.500~75.000/百万tokens 高可用5折语音 || ￥1.125~4.500/百万tokens 官方价文本 || ￥75.000~150.000/百万tokens 官方价语音
gpt-4o-mini-search-preview,GPT-4o mini 联网版,128K,,,,,0.563,2.25,1.125,4.5,￥0.563~2.250/百万tokens 高可用5折文本 || ￥0.094/次 高可用5折搜索 || ￥1.125~4.500/百万tokens 官方价文本 || ￥0.188/次 官方价搜索
gpt-4o-mini-transcribe,GPT-4o mini Transcribe,16K,,,,,,,,,￥0.002/分钟 低价1折 || ￥0.007/分钟 均衡3折 || ￥0.011/分钟 高可用5折 || ￥0.023/分钟 官方价
gpt-4o-mini-tts,GPT-4o mini TTS,2K,,,,,,,,,￥0.011/分钟 低价1折 || ￥0.034/分钟 均衡3折 || ￥0.056/分钟 高可用5折 || ￥0.112/分钟 官方价
gpt-4o-search-preview,GPT-4o 联网版,128K,,,5.625,22.5,9.375,37.5,18.75,75,￥5.625~22.500/百万tokens 均衡3折文本 || ￥0.056/次 均衡3折搜索 || ￥9.375~37.500/百万tokens 高可用5折文本 || ￥0.094/次 高可用5折搜索 || ￥18.750~75.000/百万tokens 官方价文本 || ￥0.188/次 官方价搜索
gpt-4o-transcribe,GPT-4o Transcribe,16K,,,,,,,,,￥0.005/分钟 低价1折 || ￥0.014/分钟 均衡3折 || ￥0.023/分钟 高可用5折 || ￥0.045/分钟 官方价
gpt-5,GPT-5,400K,0.938,7.5,2.813,22.5,4.688,37.5,9.375,75,￥0.938~7.500/百万tokens 低价1折文本 || ￥0.032/张 低价1折画图 || ￥0.008/次 低价1折搜索 || ￥2.813~22.500/百万tokens 均衡3折文本 || ￥0.095/张 均衡3折画图 || ￥0.023/次 均衡3折搜索 || ￥4.688~37.500/百万tokens 高可用5折文本 || ￥0.158/张 高可用5折画图 || ￥0.038/次 高可用5折搜索 || ￥9.375~75.000/百万tokens 官方价文本 || ￥0.315/张 官方价画图 || ￥0.075/次 官方价搜索 || ￥0.938/百万tokens 官方价缓存命中
gpt-5-all,GPT-5 体验版,400K,,,,,,,,,￥0.100/次
gpt-5-chat,GPT-5 Chat,128K,0.938,7.5,2.813,22.5,4.688,37.5,9.375,75,￥0.938~7.500/百万tokens 低价1折 || ￥2.813~22.500/百万tokens 均衡3折 || ￥4.688~37.500/百万tokens 高可用5折 || ￥9.375~75.000/百万tokens 官方价文本 || ￥0.938/百万tokens 官方价缓存命中
gpt-5-codex,GPT-5 Codex,400K,0.938,7.5,2.813,22.5,4.688,37.5,9.375,75,￥0.938~7.500/百万tokens 低价1折 || ￥2.813~22.500/百万tokens 均衡3折 || ￥4.688~37.500/百万tokens 高可用5折 || ￥9.375~75.000/百万tokens 官方价文本 || ￥0.938/百万tokens 官方价缓存命中
gpt-5-mini,GPT-5 mini,400K,0.188,1.5,0.563,4.5,0.938,7.5,1.875,15,￥0.188~1.500/百万tokens 低价1折文本 || ￥0.008/次 低价1折搜索 || ￥0.563~4.500/百万tokens 均衡3折文本 || ￥0.023/次 均衡3折搜索 || ￥0.938~7.500/百万tokens 高可用5折文本 || ￥0.038/次 高可用5折搜索 || ￥1.875~15.000/百万tokens 官方价文本 || ￥0.075/次 官方价搜索 || ￥0.188/百万tokens 官方价缓存命中
gpt-5-nano,GPT-5 nano,400K,0.038,0.3,0.113,0.9,0.188,1.5,0.375,3,￥0.038~0.300/百万tokens 低价1折文本 || ￥0.032/张 低价1折画图 || ￥0.113~0.900/百万tokens 均衡3折文本 || ￥0.095/张 均衡3折画图 || ￥0.188~1.500/百万tokens 高可用5折文本 || ￥0.158/张 高可用5折画图 || ￥0.375~3.000/百万tokens 官方价文本 || ￥0.315/张 官方价画图 || ￥0.038/百万tokens 官方价缓存命中
gpt-5-pro,GPT-5 Pro,400K,11.25,90,33.75,270,56.25,450,112.5,900,￥11.250~90.000/百万tokens 低价1折文本 || ￥0.032/张 低价1折画图 || ￥0.008/次 低价1折搜索 || ￥33.750~270.000/百万tokens 均衡3折文本 || ￥0.095/张 均衡3折画图 || ￥0.023/次 均衡3折搜索 || ￥56.250~450.000/百万tokens 高可用5折文本 || ￥0.158/张 高可用5折画图 || ￥0.038/次 高可用5折搜索 || ￥112.500~900.000/百万tokens 官方价文本 || ￥0.315/张 官方价画图 || ￥0.075/次 官方价搜索
gpt-5-search-api,GPT-5 联网版,128K,,,,,7.5,60,9.375,75,￥7.500~60.000/百万tokens 高可用8折文本 || 免费 高可用搜索 || ￥9.375~75.000/百万tokens 官方价文本 || ￥0.938/百万tokens 官方价缓存命中
gpt-5.1,GPT-5.1,400K,0.938,7.5,2.813,22.5,4.688,37.5,9.375,75,￥0.938~7.500/百万tokens 低价1折文本 || ￥0.032/张 低价1折画图 || ￥0.008/次 低价1折搜索 || ￥2.813~22.500/百万tokens 均衡3折文本 || ￥0.095/张 均衡3折画图 || ￥0.023/次 均衡3折搜索 || ￥4.688~37.500/百万tokens 高可用5折文本 || ￥0.158/张 高可用5折画图 || ￥0.038/次 高可用5折搜索 || ￥9.375~75.000/百万tokens 官方价文本 || ￥0.315/张 官方价画图 || ￥0.075/次 官方价搜索 || ￥0.938/百万tokens 官方价缓存命中
gpt-5.1-all,GPT-5.1 体验版,400K,0.938,7.5,2.813,22.5,4.688,37.5,9.375,75,￥0.938~7.500/百万tokens 低价1折文本 || 免费 低价搜索 || ￥2.813~22.500/百万tokens 均衡3折文本 || 免费 均衡搜索 || ￥4.688~37.500/百万tokens 高可用5折文本 || 免费 高可用搜索 || ￥9.375~75.000/百万tokens 官方价
gpt-5.1-chat,GPT-5.1 对话版,128K,,,,,4.688,37.5,9.375,75,￥4.688~37.500/百万tokens 高可用5折 || ￥9.375~75.000/百万tokens 官方价文本 || ￥0.938/百万tokens 官方价缓存命中
gpt-5.1-codex,GPT-5.1 Codex,400K,0.938,7.5,2.813,22.5,4.688,37.5,9.375,75,￥0.938~7.500/百万tokens 低价1折 || ￥2.813~22.500/百万tokens 均衡3折 || ￥4.688~37.500/百万tokens 高可用5折 || ￥9.375~75.000/百万tokens 官方价文本 || ￥0.938/百万tokens 官方价缓存命中
gpt-5.1-codex-max,GPT-5.1 Codex Max,400K,0.938,7.5,2.813,22.5,4.688,37.5,9.375,75,￥0.938~7.500/百万tokens 低价1折 || ￥2.813~22.500/百万tokens 均衡3折 || ￥4.688~37.500/百万tokens 高可用5折 || ￥9.375~75.000/百万tokens 官方价文本 || ￥0.938/百万tokens 官方价缓存命中
gpt-5.1-codex-mini,GPT-5.1 Codex Mini,400K,0.375,3,0.563,4.5,0.938,7.5,1.875,15,￥0.375~3.000/百万tokens 低价2折 || ￥0.563~4.500/百万tokens 均衡3折 || ￥0.938~7.500/百万tokens 高可用5折 || ￥1.875~15.000/百万tokens 官方价文本 || ￥0.188/百万tokens 官方价缓存命中
gpt-5.1-thinking,GPT-5.1 推理版,400K,0.938,7.5,2.813,22.5,4.688,37.5,9.375,75,￥0.938~7.500/百万tokens 低价1折文本 || ￥0.032/张 低价1折画图 || ￥0.008/次 低价1折搜索 || ￥2.813~22.500/百万tokens 均衡3折文本 || ￥0.095/张 均衡3折画图 || ￥0.023/次 均衡3折搜索 || ￥4.688~37.500/百万tokens 高可用5折文本 || ￥0.158/张 高可用5折画图 || ￥0.038/次 高可用5折搜索 || ￥9.375~75.000/百万tokens 官方价文本 || ￥0.315/张 官方价画图 || ￥0.075/次 官方价搜索 || ￥0.938/百万tokens 官方价缓存命中
gpt-5.1-thinking-all,GPT-5.1 推理体验版,400K,0.938,7.5,2.813,22.5,4.688,37.5,9.375,75,￥0.938~7.500/百万tokens 低价1折文本 || 免费 低价搜索 || ￥2.813~22.500/百万tokens 均衡3折文本 || 免费 均衡搜索 || ￥4.688~37.500/百万tokens 高可用5折文本 || 免费 高可用搜索 || ￥9.375~75.000/百万tokens 官方价
gpt-5.2,GPT-5.2,400K,1.313,10.5,3.938,31.5,6.563,52.5,13.125,105,￥1.313~10.500/百万tokens 低价1折文本 || ￥0.032/张 低价1折画图 || ￥0.008/次 低价1折搜索 || ￥3.938~31.500/百万tokens 均衡3折文本 || ￥0.095/张 均衡3折画图 || ￥0.023/次 均衡3折搜索 || ￥6.563~52.500/百万tokens 高可用5折文本 || ￥0.158/张 高可用5折画图 || ￥0.038/次 高可用5折搜索 || ￥13.125~105.000/百万tokens 官方价文本 || ￥0.315/张 官方价画图 || ￥0.075/次 官方价搜索 || ￥1.313/百万tokens 官方价缓存命中
gpt-5.2-chat,GPT-5.2 Chat,128K,,,,,6.563,52.5,13.125,105,￥6.563~52.500/百万tokens 高可用5折 || ￥13.125~105.000/百万tokens 官方价文本 || ￥1.313/百万tokens 官方价缓存命中
gpt-5.2-codex,GPT-5.2 Codex,400K,1.313,10.5,3.938,31.5,6.563,52.5,13.125,105,￥1.313~10.500/百万tokens 低价1折 || ￥3.938~31.500/百万tokens 均衡3折 || ￥6.563~52.500/百万tokens 高可用5折 || ￥13.125~105.000/百万tokens 官方价文本 || ￥1.313/百万tokens 官方价缓存命中
gpt-5.2-pro,GPT-5.2 Pro,400K,15.75,126,47.25,378,78.75,630,157.5,1260,￥15.750~126.000/百万tokens 低价1折文本 || ￥0.032/张 低价1折画图 || ￥0.008/次 低价1折搜索 || ￥47.250~378.000/百万tokens 均衡3折文本 || ￥0.095/张 均衡3折画图 || ￥0.023/次 均衡3折搜索 || ￥78.750~630.000/百万tokens 高可用5折文本 || ￥0.158/张 高可用5折画图 || ￥0.038/次 高可用5折搜索 || ￥157.500~1260.000/百万tokens 官方价文本 || ￥0.315/张 官方价画图 || ￥0.075/次 官方价搜索
gpt-5.2:thinking,GPT-5.2 推理版,400K,,,,,6.563,52.5,13.125,105,￥6.563~52.500/百万tokens 高可用5折文本 || ￥0.158/张 高可用5折画图 || ￥0.038/次 高可用5折搜索 || ￥13.125~105.000/百万tokens 官方价文本 || ￥0.315/张 官方价画图 || ￥0.075/次 官方价搜索 || ￥1.313/百万tokens 官方价缓存命中
gpt-5.3-chat,GPT-5.3 Chat,128K,1.313,10.5,3.938,31.5,6.563,52.5,13.125,105,￥1.313~10.500/百万tokens 低价1折 || ￥3.938~31.500/百万tokens 均衡3折 || ￥6.563~52.500/百万tokens 高可用5折 || ￥13.125~105.000/百万tokens 官方价文本 || ￥1.313/百万tokens 官方价缓存命中
gpt-5.3-codex,GPT-5.3 Codex,400K,1.313,10.5,3.938,31.5,6.563,52.5,13.125,105,￥1.313~10.500/百万tokens 低价1折 || ￥3.938~31.500/百万tokens 均衡3折 || ￥6.563~52.500/百万tokens 高可用5折 || ￥13.125~105.000/百万tokens 官方价文本 || ￥1.313/百万tokens 官方价缓存命中
gpt-5.3-codex:all,GPT-5.3 Codex 体验版,400K,1.313,10.5,3.938,31.5,6.563,52.5,13.125,105,￥1.313~10.500/百万tokens 低价1折 || ￥3.938~31.500/百万tokens 均衡3折 || ￥6.563~52.500/百万tokens 高可用5折 || ￥13.125~105.000/百万tokens 官方价
gpt-5.4,GPT-5.4,1050K,1.875,11.25,5.625,33.75,9.375,56.25,18.75,112.5,￥1.875~11.250/百万tokens 低价1折文本 || ￥0.032/张 低价1折画图 || ￥0.008/次 低价1折搜索 || ￥5.625~33.750/百万tokens 均衡3折文本 || ￥0.095/张 均衡3折画图 || ￥0.023/次 均衡3折搜索 || ￥9.375~56.250/百万tokens 高可用5折文本 || ￥0.158/张 高可用5折画图 || ￥0.038/次 高可用5折搜索 || ￥18.750~112.500/百万tokens 官方价文本 || ￥0.315/张 官方价画图 || ￥0.075/次 官方价搜索 || ￥1.875/百万tokens 官方价缓存命中
gpt-5.4-mini,GPT-5.4 Mini,400K,0.563,3.375,1.688,10.125,2.813,16.875,5.625,33.75,￥0.563~3.375/百万tokens 低价1折文本 || ￥0.032/张 低价1折画图 || ￥0.008/次 低价1折搜索 || ￥1.688~10.125/百万tokens 均衡3折文本 || ￥0.095/张 均衡3折画图 || ￥0.023/次 均衡3折搜索 || ￥2.813~16.875/百万tokens 高可用5折文本 || ￥0.158/张 高可用5折画图 || ￥0.038/次 高可用5折搜索 || ￥5.625~33.750/百万tokens 官方价文本 || ￥0.315/张 官方价画图 || ￥0.075/次 官方价搜索 || ￥0.563/百万tokens 官方价缓存命中
gpt-5.4-nano,GPT-5.4 Nano,400K,,,,,0.75,4.688,1.5,9.375,￥0.750~4.688/百万tokens 高可用5折文本 || ￥0.158/张 高可用5折画图 || ￥0.038/次 高可用5折搜索 || ￥1.500~9.375/百万tokens 官方价文本 || ￥0.315/张 官方价画图 || ￥0.075/次 官方价搜索 || ￥0.150/百万tokens 官方价缓存命中
gpt-5.4-pro,GPT-5.4 Pro,1050K,,,,,112.5,675,225,1350,￥112.500~675.000/百万tokens 高可用5折文本 || ￥0.158/张 高可用5折画图 || ￥0.038/次 高可用5折搜索 || ￥225.000~1350.000/百万tokens 官方价文本 || ￥0.315/张 官方价画图 || ￥0.075/次 官方价搜索
gpt-image-1,GPT Image 1,32K,,,,,,,,,￥0.032/张 低价1折 || ￥0.095/张 均衡3折 || ￥0.158/张 高可用5折 || ￥0.315/张 官方价
gpt-image-1-mini,GPT-Image-1 mini,32K,,,,,,,,,￥0.041/张 高可用5折 || ￥0.082/张 官方价
gpt-image-1.5,GPT Image 1.5,32K,,,,,,,,,￥0.026/张 低价1折 || ￥0.077/张 均衡3折 || ￥0.128/张 高可用5折 || ￥0.255/张 官方价
gpt-image-2,GPT Image 2,32K,,,,,,,,,￥0.040/张 低价1折 || ￥0.119/张 均衡3折 || ￥0.199/张 高可用5折 || ￥0.397/张 官方价
gpt-image-2-all,GPT Image 2 体验版,32K,,,,,,,,,￥0.060/次 低价1折 || ￥0.180/次 均衡3折 || ￥0.300/次 高可用5折 || ￥0.600/次 官方价
gpt-oss-120b,GPT OSS 120B,131K,,,,,,,,,￥1.125~5.625/百万tokens
gpt-oss-20b,GPT OSS 20B,131K,,,,,,,,,￥0.750~3.750/百万tokens
grok-2,Grok 2,131K,,,,,12,60,15,75,￥12.000~60.000/百万tokens 高可用8折 || ￥15.000~75.000/百万tokens 官方价
grok-2-image,Grok 2 Image,32K,,,,,,,,,￥0.158/张 均衡3折 || ￥0.525/张 官方价
grok-2-vision,Grok 2 Vision,8K,,,,,12,60,15,75,￥12.000~60.000/百万tokens 高可用8折 || ￥15.000~75.000/百万tokens 官方价
grok-3,Grok 3,131K,2.25,11.25,6.75,33.75,11.25,56.25,22.5,112.5,￥2.250~11.250/百万tokens 低价1折 || ￥6.750~33.750/百万tokens 均衡3折 || ￥11.250~56.250/百万tokens 高可用5折 || ￥22.500~112.500/百万tokens 官方价
grok-3-deepsearch,Grok 3 深度研究版,131K,2.25,11.25,6.75,33.75,11.25,56.25,22.5,112.5,￥2.250~11.250/百万tokens 低价1折文本 || 免费 低价搜索 || ￥6.750~33.750/百万tokens 均衡3折文本 || 免费 均衡搜索 || ￥11.250~56.250/百万tokens 高可用5折文本 || 免费 高可用搜索 || ￥22.500~112.500/百万tokens 官方价
grok-3-fast,Grok 3 快速版,131K,,,,,18.75,93.75,37.5,187.5,￥18.750~93.750/百万tokens 高可用5折 || ￥37.500~187.500/百万tokens 官方价
grok-3-mini,Grok 3 Mini,131K,0.225,0.375,0.675,1.125,1.125,1.875,2.25,3.75,￥0.225~0.375/百万tokens 低价1折 || ￥0.675~1.125/百万tokens 均衡3折 || ￥1.125~1.875/百万tokens 高可用5折 || ￥2.250~3.750/百万tokens 官方价
grok-3-mini-fast,Grok 3 Mini 快速版,131K,,,,,2.25,15,4.5,30,￥2.250~15.000/百万tokens 高可用5折 || ￥4.500~30.000/百万tokens 官方价
grok-3-reasoner,Grok 3 推理增强版,131K,2.25,11.25,6.75,33.75,11.25,56.25,22.5,112.5,￥2.250~11.250/百万tokens 低价1折 || ￥6.750~33.750/百万tokens 均衡3折 || ￥11.250~56.250/百万tokens 高可用5折 || ￥22.500~112.500/百万tokens 官方价
grok-4,Grok 4,256K,2.25,11.25,6.75,33.75,11.25,56.25,22.5,112.5,￥2.250~11.250/百万tokens 低价1折 || ￥6.750~33.750/百万tokens 均衡3折 || ￥11.250~56.250/百万tokens 高可用5折 || ￥22.500~112.500/百万tokens 官方价
grok-4-fast,Grok 4 Fast,2000K,,,,,1.2,3,1.5,3.75,￥1.200~3.000/百万tokens 高可用8折 || ￥1.500~3.750/百万tokens 官方价
grok-4-fast:thinking,Grok 4 Fast 推理版,2000K,0.15,0.375,0.45,1.125,1.2,3,1.5,3.75,￥0.150~0.375/百万tokens 低价1折 || ￥0.450~1.125/百万tokens 均衡3折 || ￥1.200~3.000/百万tokens 高可用8折 || ￥1.500~3.750/百万tokens 官方价
grok-4.1-all,Grok 4.1 体验版,256K,,,,,,,,,￥0.010/次 低价1折 || ￥0.030/次 均衡3折 || ￥0.100/次 官方价
grok-4.1-fast,Grok 4.1 Fast,2000K,,,0.45,1.125,0.75,1.875,1.5,3.75,￥0.450~1.125/百万tokens 均衡3折 || ￥0.750~1.875/百万tokens 高可用5折 || ￥1.500~3.750/百万tokens 官方价文本 || ￥0.375/百万tokens 官方价缓存命中
grok-4.1-fast:thinking,Grok 4.1 Fast 推理版,2000K,,,0.45,1.125,0.75,1.875,1.5,3.75,￥0.450~1.125/百万tokens 均衡3折 || ￥0.750~1.875/百万tokens 高可用5折 || ￥1.500~3.750/百万tokens 官方价文本 || ￥0.375/百万tokens 官方价缓存命中
grok-4.2-agents-all,Grok 4.2 Agents 体验版,256K,,,,,,,,,￥0.050/次 高可用5折 || ￥0.100/次 官方价
grok-4.2-all,Grok 4.2 体验版,256K,,,,,,,,,￥0.050/次 高可用5折 || ￥0.100/次 官方价
grok-4.2-fast-all,Grok 4.2 Fast 体验版,256K,,,,,,,,,￥0.050/次 高可用5折 || ￥0.100/次 官方价
grok-4.20-beta,Grok 4.20 Beta,2000K,,,,,12,36,15,45,￥12.000~36.000/百万tokens 高可用8折 || ￥15.000~45.000/百万tokens 官方价文本 || ￥1.500/百万tokens 官方价缓存命中
grok-4.20-beta:thinking,Grok 4.20 Beta 推理版,2000K,1.5,4.5,4.5,13.5,12,36,15,45,￥1.500~4.500/百万tokens 低价1折 || ￥4.500~13.500/百万tokens 均衡3折 || ￥12.000~36.000/百万tokens 高可用8折 || ￥15.000~45.000/百万tokens 官方价文本 || ￥1.500/百万tokens 官方价缓存命中
grok-4.20-multi-agent-beta,Grok 4.20 Multi-Agent Beta,2000K,,,,,12,36,15,45,￥12.000~36.000/百万tokens 高可用8折 || ￥15.000~45.000/百万tokens 官方价文本 || ￥1.500/百万tokens 官方价缓存命中
grok-beta,Grok Beta,131K,,,,,30,90,37.5,112.5,￥30.000~90.000/百万tokens 高可用8折 || ￥37.500~112.500/百万tokens 官方价
grok-code-fast-1,Grok Code Fast 1,256K,,,,,1.2,9,1.5,11.25,￥1.200~9.000/百万tokens 高可用8折 || ￥1.500~11.250/百万tokens 官方价文本 || ￥0.150/百万tokens 官方价缓存命中
grok-video,Grok 视频模型,32K,,,,,,,,,￥0.225/秒 均衡3折 || ￥0.375/秒 高可用5折 || ￥0.750/秒 官方价
grok-vision-beta,Grok Vision Beta,8K,,,,,30,90,37.5,112.5,￥30.000~90.000/百万tokens 高可用8折 || ￥37.500~112.500/百万tokens 官方价
gte-rerank-v2,深度文本重排序,30K,,,,,,,,,￥0.800/百万tokens
hunyuan-3d,混元 3D,0.2K,,,,,,,,,￥1.440/次 高可用8折 || ￥1.800/次 官方价
hunyuan-3d-fast,混元 3D 极速版,0.2K,,,,,,,,,￥0.960/次 高可用8折 || ￥1.200/次 官方价
hunyuan-3d-pro,混元 3D 专业版,0.2K,,,,,,,,,￥2.880/次 高可用8折 || ￥3.600/次 官方价
hunyuan-code,混元 Code,4K,,,,,,,,,￥3.500~7.000/百万tokens
hunyuan-large,混元 Large,28K,,,,,,,,,￥4.000~12.000/百万tokens
hunyuan-large-longcontext,混元 Large 加长版,128K,,,,,,,,,￥6.000~18.000/百万tokens
hunyuan-lite,混元 Lite,250K,,,,,,,,,免费
hunyuan-role,混元 Role,28K,,,,,,,,,￥4.000~8.000/百万tokens
hunyuan-standard,混元 Standard,30K,,,,,,,,,￥0.800~2.000/百万tokens
hunyuan-standard-256K,混元 Standard,250K,,,,,,,,,￥0.500~2.000/百万tokens
hunyuan-t1-latest,混元 T1,28K,,,,,,,,,￥1.000~4.000/百万tokens
hunyuan-turbo,混元 Turbo,28K,,,,,,,,,￥2.400~9.600/百万tokens
hunyuan-turbos-latest,混元 Turbo S,24K,,,,,,,,,￥0.800~2.000/百万tokens
hunyuan-vision,混元 Vision,8K,,,,,,,,,￥18.000/百万tokens
imagen-3.0-generate-002,Imagen 3,32K,,,,,,,,,￥0.225/张
imagen-4.0-fast-generate-001,Imagen 4 Fast,0.5K,,,,,,,,,￥0.225/张
imagen-4.0-generate-001,Imagen 4,0.5K,,,,,,,,,￥0.300/张
imagen-4.0-ultra-generate-001,Imagen 4 Ultra,0.5K,,,,,,,,,￥0.450/张
jamba-large-1.5,Jamba-1.5-Large,256K,,,,,,,,,￥15.000~60.000/百万tokens
jamba-large-1.6,Jamba-1.6-Large,256K,,,,,,,,,￥15.000~60.000/百万tokens
jamba-large-1.7,Jamba-1.7-Large,256K,,,,,,,,,￥15.000~60.000/百万tokens
jamba-mini-1.5,Jamba-1.5-Mini,256K,,,,,,,,,￥1.500~3.000/百万tokens
jamba-mini-1.6,Jamba-1.6-Mini,256K,,,,,,,,,￥1.500~3.000/百万tokens
jamba-mini-1.7,Jamba-1.7-Mini,256K,,,,,,,,,￥1.500~3.000/百万tokens
jimeng-image-clarify-v3,字节图片超分辨率模型,-,,,,,,,,,￥0.006/次
jimeng-image-enhance-v2,字节图像增强模型,-,,,,,,,,,￥0.020/次
jimeng_high_aes_general_v21_L,即梦文生图2.1,0.8K,,,,,,,,,￥0.200/张
jimeng_i2i_v30,即梦图生图3.0,0.8K,,,,,,,,,￥0.160/张 高可用8折 || ￥0.200/张 官方价
jimeng_i2v_v30,即梦图生视频3.0,0.8K,,,,,,,,,￥0.280/秒
jimeng_t2i_v30,即梦文生图3.0,0.8K,,,,,,,,,￥0.160/张 高可用8折 || ￥0.200/张 官方价
jimeng_t2i_v31,即梦文生图3.1,0.8K,,,,,,,,,￥0.160/张 高可用8折 || ￥0.200/张 官方价
jimeng_t2i_v40,即梦图片生成4.0,0.8K,,,,,,,,,￥0.176/张 高可用8折 || ￥0.220/张 官方价
jimeng_t2v_v30,即梦文生视频3.0,0.8K,,,,,,,,,￥0.280/秒
jimeng_ti2v_v30_pro,即梦视频生成3.0 Pro,0.8K,,,,,,,,,￥1.000/秒
jimeng_vgfm_i2v_l20,即梦图生视频2.0,0.2K,,,,,,,,,￥3.250/个
jimeng_vgfm_t2v_l20,即梦文生视频2.0,0.2K,,,,,,,,,￥3.250/个
jina-deepsearch-v1,Jina 深度搜索,500K,,,,,,,,,￥0.375/百万tokens
jina-reader-v1,Jina 网页读取,-,,,,,,,,,免费
jina-search-v1,Jina 联网搜索,-,,,,,,,,,￥0.030/次
kimi-k2-0711-preview,Kimi K2 0711,131K,,,,,3.2,12.8,4,16,￥3.200~12.800/百万tokens 高可用8折 || ￥4.000~16.000/百万tokens 官方价文本 || ￥1.000/百万tokens 官方价缓存命中
kimi-k2-0905-preview,Kimi K2 0905,262K,,,,,2,8,4,16,￥2.000~8.000/百万tokens 高可用5折 || ￥4.000~16.000/百万tokens 官方价文本 || ￥1.000/百万tokens 官方价缓存命中
kimi-k2-thinking,Kimi K2 Thinking,262K,,,,,2,8,4,16,￥2.000~8.000/百万tokens 高可用5折 || ￥4.000~16.000/百万tokens 官方价文本 || ￥1.000/百万tokens 官方价缓存命中
kimi-k2-thinking-turbo,Kimi K2 Thinking 高速版,262K,,,,,,,,,￥8.000~58.000/百万tokens 文本 || ￥1.000/百万tokens 缓存命中
kimi-k2-turbo-preview,Kimi K2 Turbo,262K,,,,,8,32,16,64,￥8.000~32.000/百万tokens 高可用5折 || ￥16.000~64.000/百万tokens 官方价文本 || ￥4.000/百万tokens 官方价缓存命中
kimi-k2.5,Kimi K2.5,262K,,,,,2,10.5,4,21,￥2.000~10.500/百万tokens 高可用5折 || ￥4.000~21.000/百万tokens 官方价文本 || ￥0.700/百万tokens 官方价缓存命中
kimi-k2.6,Kimi K2.6,262K,,,,,,,,,￥6.500~27.000/百万tokens 文本 || ￥1.100/百万tokens 缓存命中
kimi-latest-128k,Kimi-128K,131K,,,,,,,,,￥60.000/百万tokens 文本 || ￥1.000/百万tokens 缓存命中
kimi-latest-32k,Kimi-32K,32K,,,,,,,,,￥24.000/百万tokens 文本 || ￥1.000/百万tokens 缓存命中
kimi-latest-8k,Kimi-8K,8K,,,,,,,,,￥12.000/百万tokens 文本 || ￥1.000/百万tokens 缓存命中
kling-image-v1,可灵画图 v1,0.5K,,,,,,,,,￥0.032/张 高可用8折 || ￥0.040/张 官方价
kling-image-v1-5,可灵画图 v1.5,0.5K,,,,,,,,,￥0.120/张 高可用7.5折 || ￥0.160/张 官方价
kling-image-v2,可灵画图 v2,0.5K,,,,,,,,,￥0.160/张
kling-video-o1,可灵视频 O1,2K,,,,,,,,,￥0.480/秒 高可用8折 || ￥0.600/秒 官方价
kling-video-v1,可灵视频 v1,2K,,,,,,,,,￥1.000/个
kling-video-v1-5,可灵视频 v1.5,2K,,,,,,,,,￥2.000/个
kling-video-v1-6,可灵视频 v1.6,2K,,,,,,,,,￥1.600/个 高可用8折 || ￥2.000/个 官方价
kling-video-v2-1,可灵视频 v2.1,2K,,,,,,,,,￥1.600/个 高可用8折 || ￥2.000/个 官方价
kling-video-v2-1-master,可灵视频 v2.1 大师版,2K,,,,,,,,,￥8.000/个 高可用8折 || ￥10.000/个 官方价
kling-video-v2-5-turbo,可灵视频 v2.5 Turbo,2K,,,,,,,,,￥1.200/个 高可用8折 || ￥1.500/个 官方价
kling-video-v2-6,可灵视频 v2.6,2K,,,,,,,,,￥2.000/个 高可用8折 || ￥2.500/个 官方价
kling-video-v2-master,可灵视频 v2 大师版,2K,,,,,,,,,￥8.000/个 高可用8折 || ￥10.000/个 官方价
kling-video-v3,可灵视频 3.0,2K,,,,,,,,,￥0.480/秒 高可用8折 || ￥0.600/秒 官方价
kling-video-v3-omni,可灵视频 3.0 Omni,2K,,,,,,,,,￥0.480/秒 高可用8折 || ￥0.600/秒 官方价
labs-devstral-small-2512,Devstral Small 2,256K,,,,,,,,,免费
llama-3-70b-instruct,Llama-3-70B,8K,,,,,,,,,￥3.375/百万tokens 高可用5折 || ￥6.750/百万tokens 官方价
llama-3-8b-instruct,Llama-3-8B,8K,,,,,1.125,3.375,2.25,6.75,￥1.125~3.375/百万tokens 高可用5折 || ￥2.250~6.750/百万tokens 官方价
llama-3.1-405b-instruct,Llama 3.1 405B,128K,,,,,18.75,60,37.5,120,￥18.750~60.000/百万tokens 高可用5折 || ￥37.500~120.000/百万tokens 官方价
llama-3.1-70b-instruct,Llama-3.1-70B,128K,,,,,,,,,￥3.375/百万tokens 高可用5折 || ￥6.750/百万tokens 官方价
llama-3.1-8b-instruct,Llama-3.1-8B,128K,,,,,0.188,0.3,0.375,0.6,￥0.188~0.300/百万tokens 高可用5折 || ￥0.375~0.600/百万tokens 官方价
llama-3.2-11b-vision-instruct,Llama 3.2 11B Vision,128K,,,,,,,,,￥0.750/百万tokens 高可用5折 || ￥1.500/百万tokens 官方价
llama-3.2-1b-instruct,Llama 3.2 1B,60K,,,,,,,,,￥0.202~1.500/百万tokens
llama-3.2-3b-instruct,Llama 3.2 3B,128K,,,,,,,,,￥0.375/百万tokens 高可用5折 || ￥0.750/百万tokens 官方价
llama-3.2-90b-vision-instruct,Llama 3.2 90B Vision,32K,,,,,,,,,￥3.000/百万tokens
llama-3.3-70b-instruct,Llama 3.3 70B,128K,,,,,0.938,2.813,1.875,5.625,￥0.938~2.813/百万tokens 高可用5折 || ￥1.875~5.625/百万tokens 官方价
llama-4-maverick,Llama 4 Maverick,1000K,,,,,1.5,3.75,3,7.5,￥1.500~3.750/百万tokens 高可用5折 || ￥3.000~7.500/百万tokens 官方价
llama-4-scout,Llama 4 Scout,1000K,,,,,0.75,2.25,1.5,4.5,￥0.750~2.250/百万tokens 高可用5折 || ￥1.500~4.500/百万tokens 官方价
llama-guard-4-12b,Llama Guard 4 12B,160K,,,,,,,,,￥1.500/百万tokens
longcat-flash-chat,LongCat-Flash-Chat,131K,,,,,,,,,￥1.125~5.625/百万tokens
longcat-flash-thinking,LongCat-Flash-Thinking,131K,,,,,,,,,￥1.500~15.000/百万tokens
magistral-medium-2506,Magistral Medium,40K,,,,,,,,,￥15.000~37.500/百万tokens
magistral-medium-2509,Magistral Medium 1.2,128K,,,,,,,,,￥15.000~37.500/百万tokens
magistral-small-2506,Magistral Small,40K,,,,,,,,,￥3.750~11.250/百万tokens
magistral-small-2509,Magistral Small 1.2,128K,,,,,,,,,￥3.750~11.250/百万tokens
midjourney-chat,Midjourney Chat,128K,,,,,,,,,￥0.300/次 高可用6折 || ￥0.500/次 官方价
midjourney-imagine,Midjourney Imagine,1K,,,,,,,,,￥0.080/张 均衡2折 || ￥0.200/张 高可用5折 || ￥0.400/张 官方价
mimo-v2-flash,MiMo-V2-Flash,256K,,,,,0.56,1.68,0.7,2.1,￥0.560~1.680/百万tokens 高可用8折 || ￥0.700~2.100/百万tokens 官方价文本 || ￥0.070/百万tokens 官方价缓存命中
mimo-v2-flash:thinking,MiMo-V2-Flash 推理版,256K,,,,,0.56,1.68,0.7,2.1,￥0.560~1.680/百万tokens 高可用8折 || ￥0.700~2.100/百万tokens 官方价文本 || ￥0.070/百万tokens 官方价缓存命中
mimo-v2-omni,MiMo-V2-Omni,256K,,,,,2.24,11.2,2.8,14,￥2.240~11.200/百万tokens 高可用8折文本 || ￥0.020/次 高可用8折搜索 || ￥2.800~14.000/百万tokens 官方价文本 || ￥0.025/次 官方价搜索 || ￥0.560/百万tokens 官方价缓存命中
mimo-v2-pro,MiMo-V2-Pro,1024K,,,,,5.6,16.8,7,21,￥5.600~16.800/百万tokens 高可用8折文本 || ￥0.020/次 高可用8折搜索 || ￥7.000~21.000/百万tokens 官方价文本 || ￥0.025/次 官方价搜索 || ￥1.400/百万tokens 官方价缓存命中
mimo-v2-tts,MiMo-V2-TTS,8K,,,,,,,,,免费
minimax-m1,MiniMax M1,1000K,,,,,,,,,￥1.200~16.000/百万tokens
minimax-m2,MiniMax M2,200K,,,,,1.68,6.72,2.1,8.4,￥1.680~6.720/百万tokens 高可用8折 || ￥2.100~8.400/百万tokens 官方价文本 || ￥0.210/百万tokens 官方价缓存命中 || ￥2.625/百万tokens 官方价缓存写入
minimax-m2-stable,MiniMax M2 Stable,200K,,,,,,,,,￥2.100~8.400/百万tokens 文本 || ￥0.210/百万tokens 缓存命中 || ￥2.625/百万tokens 缓存写入
minimax-m2.1,MiniMax M2.1,200K,,,,,1.68,6.72,2.1,8.4,￥1.680~6.720/百万tokens 高可用8折 || ￥2.100~8.400/百万tokens 官方价文本 || ￥0.210/百万tokens 官方价缓存命中 || ￥2.625/百万tokens 官方价缓存写入
minimax-m2.1-highspeed,MiniMax M2.1 快速版,200K,,,,,3.36,13.44,4.2,16.8,￥3.360~13.440/百万tokens 高可用8折 || ￥4.200~16.800/百万tokens 官方价文本 || ￥0.210/百万tokens 官方价缓存命中 || ￥2.625/百万tokens 官方价缓存写入
minimax-m2.5,MiniMax M2.5,200K,,,,,1.05,4.2,2.1,8.4,￥1.050~4.200/百万tokens 高可用5折 || ￥2.100~8.400/百万tokens 官方价文本 || ￥0.210/百万tokens 官方价缓存命中 || ￥2.625/百万tokens 官方价缓存写入
minimax-m2.5-highspeed,MiniMax M2.5 快速版,200K,,,,,3.36,13.44,4.2,16.8,￥3.360~13.440/百万tokens 高可用8折 || ￥4.200~16.800/百万tokens 官方价文本 || ￥0.210/百万tokens 官方价缓存命中 || ￥2.625/百万tokens 官方价缓存写入
minimax-m2.7,MiniMax M2.7,200K,,,,,1.68,6.72,2.1,8.4,￥1.680~6.720/百万tokens 高可用8折 || ￥2.100~8.400/百万tokens 官方价文本 || ￥0.420/百万tokens 官方价缓存命中 || ￥2.625/百万tokens 官方价缓存写入
minimax-m2.7-highspeed,MiniMax M2.7 快速版,200K,,,,,3.36,13.44,4.2,16.8,￥3.360~13.440/百万tokens 高可用8折 || ￥4.200~16.800/百万tokens 官方价文本 || ￥0.420/百万tokens 官方价缓存命中 || ￥2.625/百万tokens 官方价缓存写入
minimax-m2.7:free,MiniMax M2.7 免费版,200K,,,,,,,,,免费
minimax-text-01,MiniMax Text 01,1000K,,,,,,,,,￥1.000~8.000/百万tokens
ministral-14b-2512,Ministral 3 14B,256K,,,,,,,,,￥1.500/百万tokens
ministral-3b-2512,Ministral 3 3B,256K,,,,,,,,,￥0.750/百万tokens
ministral-8b-2512,Ministral 3 8B,256K,,,,,,,,,￥1.125/百万tokens
mistral-embed,Mistral Embed,8K,,,,,,,,,￥0.750/百万tokens
mistral-large-2512,Mistral Large 3,256K,,,,,,,,,￥3.750~11.250/百万tokens
mistral-large-latest,Mistral Large,128K,,,,,,,,,￥15.000~45.000/百万tokens
mistral-medium-2505,Mistral Medium 3,128K,,,,,,,,,￥3.000~15.000/百万tokens
mistral-medium-2508,Mistral Medium 3.1,128K,,,,,,,,,￥3.000~15.000/百万tokens
mistral-small-2503,Mistral Small 3.1,128K,,,,,,,,,免费
mistral-small-2506,Mistral Small 3.2,128K,,,,,,,,,￥0.750~2.250/百万tokens
mistral-small-2603,Mistral Small 4,256K,,,,,,,,,￥1.125~4.500/百万tokens
mistral-small-latest,Mistral Small,128K,,,,,,,,,￥0.750~2.250/百万tokens
moonshot-v1-128k,Moonshot,128K,,,,,,,,,￥60.000/百万tokens 文本 || ￥5.000/百万tokens 缓存命中
moonshot-v1-128k-vision-preview,Moonshot 视觉版,128K,,,,,,,,,￥60.000/百万tokens 文本 || ￥5.000/百万tokens 缓存命中
moonshot-v1-32k,Moonshot,32K,,,,,,,,,￥24.000/百万tokens 文本 || ￥5.000/百万tokens 缓存命中
moonshot-v1-32k-vision-preview,Moonshot 视觉版,32K,,,,,,,,,￥24.000/百万tokens 文本 || ￥5.000/百万tokens 缓存命中
moonshot-v1-8k,Moonshot,8K,,,,,,,,,￥12.000/百万tokens 文本 || ￥5.000/百万tokens 缓存命中
moonshot-v1-8k-vision-preview,Moonshot 视觉版,8K,,,,,,,,,￥12.000/百万tokens 文本 || ￥5.000/百万tokens 缓存命中
multimodal-embedding-v1,通义多模态向量-v1,0.5K,,,,,,,,,￥0.700/百万tokens 文本 || ￥0.900/百万tokens 视觉
nano-banana,Nano Banana,32K,,,,,,,,,￥0.090/张 均衡3折 || ￥0.150/张 高可用5折 || ￥0.300/张 官方价
nano-banana-2,Nano Banana 2,32K,,,,,,,,,￥0.150/张 均衡3折 || ￥0.250/张 高可用5折 || ￥0.500/张 官方价
nano-banana-hd,Nano Banana HD,32K,,,,,,,,,￥0.180/张 均衡3折 || ￥0.300/张 高可用5折 || ￥0.600/张 官方价
nano-banana-pro,Nano Banana Pro,32K,,,,,,,,,￥0.300/张 均衡3折 || ￥0.500/张 高可用5折 || ￥1.000/张 官方价
nemotron-3-super-120b-a12b,NVIDIA Nemotron 3 Super,262K,,,,,,,,,免费
nvidia/llama-3.1-nemotron-nano-8b-v1,Llama 3.1 Nemotron Nano 8B,128K,,,,,,,,,免费
nvidia/llama-3.1-nemotron-ultra-253b-v1,Llama 3.1 Nemotron Ultra 253B,128K,,,,,,,,,￥4.500~13.500/百万tokens
nvidia/llama-3.3-nemotron-super-49b-v1,Llama 3.3 Nemotron Super 49B,128K,,,,,,,,,免费
o1,o1,200K,11.25,45,33.75,135,56.25,225,112.5,450,￥11.250~45.000/百万tokens 低价1折 || ￥33.750~135.000/百万tokens 均衡3折 || ￥56.250~225.000/百万tokens 高可用5折 || ￥112.500~450.000/百万tokens 官方价文本 || ￥56.250/百万tokens 官方价缓存命中
o1-mini,OpenAI o1-mini,128K,0.825,3.3,2.475,9.9,4.125,16.5,8.25,33,￥0.825~3.300/百万tokens 低价1折 || ￥2.475~9.900/百万tokens 均衡3折 || ￥4.125~16.500/百万tokens 高可用5折 || ￥8.250~33.000/百万tokens 官方价文本 || ￥4.125/百万tokens 官方价缓存命中
o1-preview,OpenAI o1-preview,128K,11.25,45,33.75,135,56.25,225,112.5,450,￥11.250~45.000/百万tokens 低价1折 || ￥33.750~135.000/百万tokens 均衡3折 || ￥56.250~225.000/百万tokens 高可用5折 || ￥112.500~450.000/百万tokens 官方价
o1-pro,o1 Pro,200K,,,,,562.5,2250,1125,4500,￥562.500~2250.000/百万tokens 高可用5折 || ￥1125.000~4500.000/百万tokens 官方价
o3,o3,200K,1.5,6,4.5,18,7.5,30,15,60,￥1.500~6.000/百万tokens 低价1折文本 || ￥0.032/张 低价1折画图 || ￥0.008/次 低价1折搜索 || ￥4.500~18.000/百万tokens 均衡3折文本 || ￥0.095/张 均衡3折画图 || ￥0.023/次 均衡3折搜索 || ￥7.500~30.000/百万tokens 高可用5折文本 || ￥0.158/张 高可用5折画图 || ￥0.038/次 高可用5折搜索 || ￥15.000~60.000/百万tokens 官方价文本 || ￥0.315/张 官方价画图 || ￥0.075/次 官方价搜索 || ￥3.750/百万tokens 官方价缓存命中
o3-deep-research,o3 深度研究版,200K,,,22.5,90,37.5,150,75,300,￥22.500~90.000/百万tokens 均衡3折文本 || ￥0.023/次 均衡3折搜索 || ￥37.500~150.000/百万tokens 高可用5折文本 || ￥0.038/次 高可用5折搜索 || ￥75.000~300.000/百万tokens 官方价文本 || ￥0.075/次 官方价搜索 || ￥18.750/百万tokens 官方价缓存命中
o3-mini,o3-mini,200K,0.825,3.3,2.475,9.9,4.125,16.5,8.25,33,￥0.825~3.300/百万tokens 低价1折 || ￥2.475~9.900/百万tokens 均衡3折 || ￥4.125~16.500/百万tokens 高可用5折 || ￥8.250~33.000/百万tokens 官方价文本 || ￥4.125/百万tokens 官方价缓存命中
o3-mini-high,OpenAI o3-mini High,200K,,,,,,,,,￥8.250~33.000/百万tokens 文本 || ￥4.125/百万tokens 缓存命中
o3-pro,o3-pro,200K,15,60,45,180,75,300,150,600,￥15.000~60.000/百万tokens 低价1折文本 || ￥0.008/次 低价1折搜索 || ￥45.000~180.000/百万tokens 均衡3折文本 || ￥0.023/次 均衡3折搜索 || ￥75.000~300.000/百万tokens 高可用5折文本 || ￥0.038/次 高可用5折搜索 || ￥150.000~600.000/百万tokens 官方价文本 || ￥0.075/次 官方价搜索
o3-pro-all,OpenAI o3-pro 体验版,200K,,,,,,,,,￥0.750/次 低价3折 || ￥1.250/次 均衡5折 || ￥2.500/次 官方价
o4-mini,o4-mini,200K,0.825,3.3,2.475,9.9,4.125,16.5,8.25,33,￥0.825~3.300/百万tokens 低价1折文本 || ￥0.008/次 低价1折搜索 || ￥2.475~9.900/百万tokens 均衡3折文本 || ￥0.023/次 均衡3折搜索 || ￥4.125~16.500/百万tokens 高可用5折文本 || ￥0.038/次 高可用5折搜索 || ￥8.250~33.000/百万tokens 官方价文本 || ￥0.075/次 官方价搜索 || ￥2.063/百万tokens 官方价缓存命中
o4-mini-deep-research,o4-mini 深度研究版,200K,,,,,12,48,15,60,￥12.000~48.000/百万tokens 高可用8折文本 || ￥0.060/次 高可用8折搜索 || ￥15.000~60.000/百万tokens 官方价文本 || ￥0.075/次 官方价搜索 || ￥3.750/百万tokens 官方价缓存命中
o4-mini-high,OpenAI o4-mini High,200K,,,,,,,,,￥8.250~33.000/百万tokens 文本 || ￥4.125/百万tokens 缓存命中
omni-moderation-latest,Omni Mederation,-,,,,,,,,,免费
open-mistral-nemo,Mistral Nemo,128K,,,,,,,,,￥1.125/百万tokens
phi-3-medium-128k-instruct,Phi-3 Medium,128K,,,,,,,,,￥7.500/百万tokens
phi-3-mini-128k-instruct,Phi-3 Mini,128K,,,,,,,,,￥0.750/百万tokens
phi-3.5-mini-128k-instruct,Phi-3.5 Mini,128K,,,,,,,,,￥0.750/百万tokens
phi-4,Phi 4,16K,,,,,,,,,￥0.525~1.050/百万tokens
phi-4-multimodal-instruct,Phi 4 多模态版,128K,,,,,,,,,￥0.375~0.750/百万tokens
phi-4-reasoning,Phi 4 推理版,32K,,,,,,,,,免费
phi-4-reasoning-plus,Phi 4 推理增强版,32K,,,,,,,,,免费
pixtral-12b-2409,Pixtral 12B,128K,,,,,,,,,￥1.125/百万tokens
pixtral-large-latest,Pixtral Large,128K,,,,,,,,,￥15.000~45.000/百万tokens
qvq-72b-preview,通义千问-QvQ-72B-Preview,32K,,,,,,,,,￥12.000~36.000/百万tokens
qvq-max-latest,通义千问-QVQ-Max,128K,,,,,,,,,￥8.000~32.000/百万tokens
qvq-plus-latest,通义千问-QVQ-Plus,128K,,,,,,,,,￥2.000~5.000/百万tokens
qwen-coder-plus,通义千问-Coder-Plus,128K,,,,,1.75,3.5,3.5,7,￥1.750~3.500/百万tokens 高可用5折 || ￥3.500~7.000/百万tokens 官方价
qwen-coder-turbo,通义千问-Coder,128K,,,,,1,3,2,6,￥1.000~3.000/百万tokens 高可用5折 || ￥2.000~6.000/百万tokens 官方价
qwen-deep-research,通义千问深度研究版,1000K,,,,,,,,,￥54.000~163.000/百万tokens
qwen-flash,通义千问3-Flash,1000K,,,,,,,,,￥0.150~1.500/百万tokens 文本 || ￥0.030/百万tokens 缓存命中
qwen-image,通义千问-文生图,0.8K,,,,,,,,,￥0.250/张
qwen-image-2.0,Qwen-Image-2.0,0.8K,,,,,,,,,￥0.200/张
qwen-image-2.0-pro,Qwen-Image-2.0-Pro,0.8K,,,,,,,,,￥0.500/张
qwen-image-edit,通义千问-图像编辑,0.8K,,,,,,,,,￥0.300/张
qwen-image-edit-plus,通义千问-图像编辑-Plus,0.8K,,,,,,,,,￥0.200/张
qwen-image-plus,通义千问-文生图-Plus,0.8K,,,,,,,,,￥0.200/张
qwen-long,通义千问-Long,1024K,,,,,0.25,1,0.5,2,￥0.250~1.000/百万tokens 高可用5折 || ￥0.500~2.000/百万tokens 官方价
qwen-math-plus,通义千问-Math,4K,,,,,2,6,4,12,￥2.000~6.000/百万tokens 高可用5折 || ￥4.000~12.000/百万tokens 官方价
qwen-math-turbo,通义千问-Math Turbo,4K,,,,,1,3,2,6,￥1.000~3.000/百万tokens 高可用5折 || ￥2.000~6.000/百万tokens 官方价
qwen-max-latest,通义千问-Turbo,1000K,,,,,0.15,0.3,0.3,0.6,￥0.150~0.300/百万tokens 高可用5折文本 || 免费 高可用搜索 || ￥0.300~0.600/百万tokens 官方价
qwen-mt-plus,通义千问翻译模型专业版,4K,,,,,,,,,￥1.800~5.400/百万tokens
qwen-mt-turbo,通义千问翻译模型极速版,4K,,,,,,,,,￥0.700~1.950/百万tokens
qwen-omni-turbo,通义千问-Omni-Turbo,32K,,,,,12.5,25,25,50,￥0.200~2.250/百万tokens 高可用5折文本 || ￥12.500~25.000/百万tokens 高可用5折语音 || ￥0.400~4.500/百万tokens 官方价文本 || ￥1.500/百万tokens 官方价视觉 || ￥25.000~50.000/百万tokens 官方价语音
qwen-plus,通义千问3-Plus,128K,,,,,,,,,￥0.800~8.000/百万tokens 文本 || ￥0.160/百万tokens 缓存命中
qwen-vl-max,通义千问VL-Max,128K,,,,,1.5,4.5,3,9,￥1.500~4.500/百万tokens 高可用5折 || ￥3.000~9.000/百万tokens 官方价文本 || ￥0.600/百万tokens 官方价缓存命中
qwen-vl-ocr,通义千问VL-OCR,30K,,,,,,,,,￥2.500/百万tokens 高可用5折 || ￥5.000/百万tokens 官方价
qwen-vl-plus,通义千问VL-Plus,128K,,,,,0.75,2.25,1.5,4.5,￥0.750~2.250/百万tokens 高可用5折 || ￥1.500~4.500/百万tokens 官方价文本 || ￥0.300/百万tokens 官方价缓存命中
qwen2.5-14b-instruct-1m,通义千问2.5-14B-1M,1000K,,,,,,,,,￥1.000~3.000/百万tokens
qwen2.5-7b-instruct-1m,通义千问2.5-7B-1M,1000K,,,,,,,,,￥0.500~1.000/百万tokens
qwen2.5-omni-7b,通义千问2.5-Omni-7B,32K,,,,,,,,,￥0.600~6.000/百万tokens 文本 || ￥2.000/百万tokens 视觉 || ￥38.000~76.000/百万tokens 语音
qwen2.5-vl-32b-instruct,通义千问2.5-VL-32B,128K,,,2.4,7.2,4,12,8,24,￥2.400~7.200/百万tokens 均衡3折 || ￥4.000~12.000/百万tokens 高可用5折 || ￥8.000~24.000/百万tokens 官方价
qwen2.5-vl-3b-instruct,通义千问2.5-VL-3B,128K,,,,,,,,,￥1.200~3.600/百万tokens
qwen2.5-vl-72b-instruct,通义千问2.5-VL-72B,128K,,,4.8,14.4,8,24,16,48,￥4.800~14.400/百万tokens 均衡3折 || ￥8.000~24.000/百万tokens 高可用5折 || ￥16.000~48.000/百万tokens 官方价
qwen2.5-vl-7b-instruct,通义千问2.5-VL-7B,128K,,,0.6,1.5,1,2.5,2,5,￥0.600~1.500/百万tokens 均衡3折 || ￥1.000~2.500/百万tokens 高可用5折 || ￥2.000~5.000/百万tokens 官方价
qwen2.5-vl-embedding,通义千问2.5-VL-Embedding,32K,,,,,,,,,￥0.700/百万tokens 文本 || ￥1.800/百万tokens 视觉
qwen3-0.6b,通义千问3-0.6B,32K,,,,,0.15,1.5,0.3,3,￥0.150~1.500/百万tokens 高可用5折 || ￥0.300~3.000/百万tokens 官方价
qwen3-1.7b,通义千问3-1.7B,32K,,,,,0.15,0.6,0.3,1.2,￥0.150~0.600/百万tokens 高可用5折 || ￥0.300~1.200/百万tokens 官方价
qwen3-14b,通义千问3-14B,128K,,,,,0.5,2,1,4,￥0.500~2.000/百万tokens 高可用5折 || ￥1.000~4.000/百万tokens 官方价
qwen3-235b-a22b,通义千问3-235B-A22B,128K,,,0.6,2.4,1,4,2,8,￥0.600~2.400/百万tokens 均衡3折 || ￥1.000~4.000/百万tokens 高可用5折 || ￥2.000~8.000/百万tokens 官方价
qwen3-235b-a22b-instruct-2507,通义千问3-235B-A22B 2507,128K,,,,,1,4,2,8,￥1.000~4.000/百万tokens 高可用5折 || ￥2.000~8.000/百万tokens 官方价
qwen3-235b-a22b-thinking-2507,通义千问3-235B-A22B 2507 推理版,128K,,,,,1,10,2,20,￥1.000~10.000/百万tokens 高可用5折 || ￥2.000~20.000/百万tokens 官方价
qwen3-30b-a3b,通义千问3-30B-A3B,128K,,,0.225,0.9,0.375,1.5,0.75,3,￥0.225~0.900/百万tokens 均衡3折 || ￥0.375~1.500/百万tokens 高可用5折 || ￥0.750~3.000/百万tokens 官方价
qwen3-30b-a3b-instruct-2507,通义千问3-30B-A3B 2507,128K,,,,,0.375,1.5,0.75,3,￥0.375~1.500/百万tokens 高可用5折 || ￥0.750~3.000/百万tokens 官方价
qwen3-30b-a3b-thinking-2507,通义千问3-30B-A3B 2507 推理版,128K,,,,,0.375,3.75,0.75,7.5,￥0.375~3.750/百万tokens 高可用5折 || ￥0.750~7.500/百万tokens 官方价
qwen3-32b,通义千问3-32B,128K,,,0.6,2.4,1,4,2,8,￥0.600~2.400/百万tokens 均衡3折 || ￥1.000~4.000/百万tokens 高可用5折 || ￥2.000~8.000/百万tokens 官方价
qwen3-4b,通义千问3-4B,128K,,,,,0.15,0.6,0.3,1.2,￥0.150~0.600/百万tokens 高可用5折 || ￥0.300~1.200/百万tokens 官方价
qwen3-8b,通义千问3-8B,128K,,,,,0.25,1,0.5,2,￥0.250~1.000/百万tokens 高可用5折 || ￥0.500~2.000/百万tokens 官方价
qwen3-coder-480b-a35b-instruct,通义千问3-Coder 开源版,200K,,,,,3,30,6,60,￥3.000~30.000/百万tokens 高可用5折 || ￥6.000~60.000/百万tokens 官方价
qwen3-coder-flash,通义千问3-Coder Flash,1000K,,,,,0.5,2,1,4,￥0.500~2.000/百万tokens 高可用5折文本 || 免费 高可用搜索 || ￥1.000~4.000/百万tokens 官方价文本 || ￥0.200/百万tokens 官方价缓存命中
qwen3-coder-next,通义千问3-Coder Next,256K,,,,,1.875,4.5,3.75,9,￥1.875~4.500/百万tokens 高可用5折 || ￥3.750~9.000/百万tokens 官方价
qwen3-coder-plus,通义千问3-Coder Plus,1000K,,,,,2,8,4,16,￥2.000~8.000/百万tokens 高可用5折文本 || 免费 高可用搜索 || ￥4.000~16.000/百万tokens 官方价文本 || ￥0.800/百万tokens 官方价缓存命中
qwen3-max,通义千问3-Max,256K,,,,,1.25,5,2.5,10,￥1.250~5.000/百万tokens 高可用5折文本 || ￥0.002/次 高可用5折搜索 || ￥2.500~10.000/百万tokens 官方价文本 || ￥0.004/次 官方价搜索 || ￥0.500/百万tokens 官方价缓存命中
qwen3-max-preview,通义千问3-Max 预览版,256K,,,1.8,7.2,3,12,6,24,￥1.800~7.200/百万tokens 均衡3折文本 || 免费 均衡搜索 || ￥3.000~12.000/百万tokens 高可用5折文本 || 免费 高可用搜索 || ￥6.000~24.000/百万tokens 官方价文本 || ￥1.200/百万tokens 官方价缓存命中
qwen3-max-thinking,通义千问3-Max 推理版,256K,,,,,1.25,5,2.5,10,￥1.250~5.000/百万tokens 高可用5折文本 || ￥0.002/次 高可用5折搜索 || ￥2.500~10.000/百万tokens 官方价文本 || ￥0.004/次 官方价搜索
qwen3-next-80b-a3b-instruct,通义千问3-Next-80B-A3B,128K,,,,,0.5,2,1,4,￥0.500~2.000/百万tokens 高可用5折 || ￥1.000~4.000/百万tokens 官方价
qwen3-next-80b-a3b-thinking,通义千问3-Next-80B-A3B 推理版,128K,,,,,0.5,5,1,10,￥0.500~5.000/百万tokens 高可用5折 || ￥1.000~10.000/百万tokens 官方价
qwen3-omni-flash,通义千问3-Omni-Flash,64K,,,,,7.9,31.3,15.8,62.6,￥0.900~3.450/百万tokens 高可用5折文本 || ￥7.900~31.300/百万tokens 高可用5折语音 || ￥1.800~6.900/百万tokens 官方价文本 || ￥3.300/百万tokens 官方价视觉 || ￥15.800~62.600/百万tokens 官方价语音
qwen3-rerank,通义千问-ReRank,30K,,,,,,,,,￥0.500/百万tokens
qwen3-vl-235b-a22b-instruct,通义千问3-VL-235B-A22B,128K,,,,,1,4,2,8,￥1.000~4.000/百万tokens 高可用5折 || ￥2.000~8.000/百万tokens 官方价
qwen3-vl-235b-a22b-thinking,通义千问3-VL-235B-A22B 推理版,128K,,,,,1,10,2,20,￥1.000~10.000/百万tokens 高可用5折 || ￥2.000~20.000/百万tokens 官方价
qwen3-vl-30b-a3b-instruct,通义千问3-VL-30B-A3B,128K,,,,,0.375,1.5,0.75,3,￥0.375~1.500/百万tokens 高可用5折 || ￥0.750~3.000/百万tokens 官方价
qwen3-vl-30b-a3b-thinking,通义千问3-VL-30B-A3B 推理版,128K,,,,,0.375,3.75,0.75,7.5,￥0.375~3.750/百万tokens 高可用5折 || ￥0.750~7.500/百万tokens 官方价
qwen3-vl-32b-instruct,通义千问3-VL-32B,128K,,,,,1,4,2,8,￥1.000~4.000/百万tokens 高可用5折 || ￥2.000~8.000/百万tokens 官方价
qwen3-vl-32b-thinking,通义千问3-VL-32B 推理版,128K,,,,,1,10,2,20,￥1.000~10.000/百万tokens 高可用5折 || ￥2.000~20.000/百万tokens 官方价
qwen3-vl-8b-instruct,通义千问3-VL-8B,128K,,,,,0.25,1,0.5,2,￥0.250~1.000/百万tokens 高可用5折 || ￥0.500~2.000/百万tokens 官方价
qwen3-vl-8b-thinking,通义千问3-VL-8B 推理版,128K,,,,,0.25,2.5,0.5,5,￥0.250~2.500/百万tokens 高可用5折 || ￥0.500~5.000/百万tokens 官方价
qwen3-vl-embedding,通义千问3-VL-Embedding,32K,,,,,,,,,￥0.700/百万tokens 文本 || ￥1.800/百万tokens 视觉
qwen3-vl-flash,通义千问3-VL-Flash,256K,,,,,0.075,0.75,0.15,1.5,￥0.075~0.750/百万tokens 高可用5折 || ￥0.150~1.500/百万tokens 官方价文本 || ￥0.030/百万tokens 官方价缓存命中
qwen3-vl-plus,通义千问3-VL-Plus,256K,,,,,0.5,5,1,10,￥0.500~5.000/百万tokens 高可用5折 || ￥1.000~10.000/百万tokens 官方价文本 || ￥0.200/百万tokens 官方价缓存命中
qwen3.5-122b-a10b,Qwen3.5-122B-A10B,256K,,,,,0.4,3.2,0.8,6.4,￥0.400~3.200/百万tokens 高可用5折文本 || ￥0.002/次 高可用5折搜索 || ￥0.800~6.400/百万tokens 官方价文本 || ￥0.004/次 官方价搜索
qwen3.5-27b,Qwen3.5-27B,256K,,,,,0.3,2.4,0.6,4.8,￥0.300~2.400/百万tokens 高可用5折文本 || ￥0.002/次 高可用5折搜索 || ￥0.600~4.800/百万tokens 官方价文本 || ￥0.004/次 官方价搜索
qwen3.5-35b-a3b,Qwen3.5-35B-A3B,256K,,,,,0.2,1.6,0.4,3.2,￥0.200~1.600/百万tokens 高可用5折文本 || ￥0.002/次 高可用5折搜索 || ￥0.400~3.200/百万tokens 官方价文本 || ￥0.004/次 官方价搜索
qwen3.5-397b-a17b,Qwen3.5-397B-A17B,256K,,,,,0.6,3.6,1.2,7.2,￥0.600~3.600/百万tokens 高可用5折文本 || ￥0.002/次 高可用5折搜索 || ￥1.200~7.200/百万tokens 官方价文本 || ￥0.004/次 官方价搜索
qwen3.5-flash,Qwen3.5-Flash,1024K,,,,,0.1,1,0.2,2,￥0.100~1.000/百万tokens 高可用5折文本 || ￥0.002/次 高可用5折搜索 || ￥0.200~2.000/百万tokens 官方价文本 || ￥0.004/次 官方价搜索 || ￥0.020/百万tokens 官方价缓存命中 || ￥0.250/百万tokens 官方价缓存写入
qwen3.5-omni-flash,Qwen3.5-Omni-Flash,256K,,,,,9,36,18,72,￥1.100~6.650/百万tokens 高可用5折文本 || ￥9.000~36.000/百万tokens 高可用5折语音 || ￥0.002/次 高可用5折搜索 || ￥2.200~13.300/百万tokens 官方价文本 || ￥18.000~72.000/百万tokens 官方价语音 || ￥0.004/次 官方价搜索
qwen3.5-omni-plus,Qwen3.5-Omni-Plus,256K,,,,,26.5,106.5,53,213,￥3.500~20.000/百万tokens 高可用5折文本 || ￥26.500~106.500/百万tokens 高可用5折语音 || ￥0.002/次 高可用5折搜索 || ￥7.000~40.000/百万tokens 官方价文本 || ￥53.000~213.000/百万tokens 官方价语音 || ￥0.004/次 官方价搜索
qwen3.5-plus,Qwen3.5-Plus,1024K,,,,,0.4,2.4,0.8,4.8,￥0.400~2.400/百万tokens 高可用5折文本 || ￥0.002/次 高可用5折搜索 || ￥0.800~4.800/百万tokens 官方价文本 || ￥0.004/次 官方价搜索 || ￥0.080/百万tokens 官方价缓存命中 || ￥1.000/百万tokens 官方价缓存写入
qwen3.6-flash,Qwen3.6-Flash,1024K,,,,,0.6,3.6,1.2,7.2,￥0.600~3.600/百万tokens 高可用5折文本 || ￥0.002/次 高可用5折搜索 || ￥1.200~7.200/百万tokens 官方价文本 || ￥0.004/次 官方价搜索 || ￥0.150/百万tokens 官方价缓存命中 || ￥1.500/百万tokens 官方价缓存写入
qwen3.6-max-preview,Qwen3.6-Max 预览版,256K,,,,,4.5,27,9,54,￥4.500~27.000/百万tokens 高可用5折 || ￥9.000~54.000/百万tokens 官方价文本 || ￥0.900/百万tokens 官方价缓存命中 || ￥11.250/百万tokens 官方价缓存写入
qwen3.6-plus,Qwen3.6-Plus,1024K,,,,,1,6,2,12,￥1.000~6.000/百万tokens 高可用5折文本 || ￥0.002/次 高可用5折搜索 || ￥2.000~12.000/百万tokens 官方价文本 || ￥0.004/次 官方价搜索 || ￥0.200/百万tokens 官方价缓存命中 || ￥2.500/百万tokens 官方价缓存写入
qwq-32b,通义千问-QwQ-32B,128K,,,,,,,,,免费
qwq-32b-preview,通义千问-QwQ-32B-Preview,32K,,,,,,,,,￥2.000~6.000/百万tokens
qwq-plus-latest,通义千问-QwQ-Plus,128K,,,,,,,,,免费
rerank,Rerank,524K,,,,,,,,,￥0.640/百万tokens 高可用8折 || ￥0.800/百万tokens 官方价
rerank-multilingual-v3.0,Co.Rerank 3.0,4096K,,,,,,,,,￥0.008/次
rerank-v3.5,Co.Rerank 3.5,4096K,,,,,,,,,￥0.015/次
rerank-v4.0-fast,Co.Rerank 4.0 Fast,4096K,,,,,,,,,￥0.015/次
rerank-v4.0-pro,Co.Rerank 4.0 Pro,4096K,,,,,,,,,￥0.019/次
seed-tts-1.1,豆包语音合成模型升级版,-,,,,,,,,,￥450.000/百万字符
sonar,Sonar,127K,,,,,,,,,￥6.000/百万tokens 高可用8折文本 || ￥0.030/次 高可用8折搜索 || ￥7.500/百万tokens 官方价文本 || ￥0.038/次 官方价搜索
sonar-deep-research,Sonar 深度研究版,128K,,,,,12,48,15,60,￥12.000~48.000/百万tokens 高可用8折文本 || ￥0.030/次 高可用8折搜索 || ￥15.000~60.000/百万tokens 官方价文本 || ￥0.038/次 官方价搜索
sonar-pro,Sonar Pro,200K,,,,,18,90,22.5,112.5,￥18.000~90.000/百万tokens 高可用8折文本 || ￥0.030/次 高可用8折搜索 || ￥22.500~112.500/百万tokens 官方价文本 || ￥0.038/次 官方价搜索
sonar-reasoning,Perplexity 联网推理版,127K,,,,,6,30,7.5,37.5,￥6.000~30.000/百万tokens 高可用8折文本 || ￥0.030/次 高可用8折搜索 || ￥7.500~37.500/百万tokens 官方价文本 || ￥0.038/次 官方价搜索
sonar-reasoning-pro,Perplexity 深度推理版,128K,,,,,12,48,15,60,￥12.000~48.000/百万tokens 高可用8折文本 || ￥0.030/次 高可用8折搜索 || ￥15.000~60.000/百万tokens 官方价文本 || ￥0.038/次 官方价搜索
sora,Sora,32K,,,,,,,,,￥1.125/个
sora-2,Sora 2,32K,,,,,,,,,￥0.075/秒 低价1折 || ￥0.225/秒 均衡3折 || ￥0.375/秒 高可用5折 || ￥0.750/秒 官方价
sora-2-all,Sora 2 体验版,32K,,,,,,,,,￥0.200/次 低价1折 || ￥0.600/次 均衡3折 || ￥1.000/次 高可用5折 || ￥2.000/次 官方价
sora-2-pro,Sora 2 Pro,32K,,,,,,,,,￥0.225/秒 低价1折 || ￥0.675/秒 均衡3折 || ￥1.125/秒 高可用5折 || ￥2.250/秒 官方价
sora-2-pro-all,Sora 2 Pro 体验版,32K,,,,,,,,,￥2.000/次 高可用5折 || ￥4.000/次 官方价
spark-4.0-ultra,Spark4.0 Ultra,8K,,,,,,,,,￥80.000~100.000/百万tokens
spark-lite,Spark Lite,8K,,,,,,,,,免费
spark-max,Spark Max,8K,,,,,,,,,￥21.000~30.000/百万tokens
spark-max-32k,Spark Max-32K,32K,,,,,,,,,￥23.000~32.000/百万tokens
spark-pro,Spark Pro,8K,,,,,,,,,￥21.000~30.000/百万tokens
spark-pro-128k,Spark Pro-128K,128K,,,,,,,,,￥21.000~30.000/百万tokens
stable-image-core,Stable Image Core,10K,,,,,,,,,￥0.150/张
stable-image-ultra,Stable Image Ultra,10K,,,,,,,,,￥0.600/张
stable-video,Stable Video,1K,,,,,,,,,￥1.500/个
super-video-2.0,Super-Video-2.0-Pro,2K,,,,,,,,,￥0.720/秒
super-video-2.0-fast,Super-Video-2.0-Fast,2K,,,,,,,,,￥0.600/秒
super-video-2.0-omni,Super-Video-2.0-Omni,2K,,,,,,,,,￥0.720/秒
text-embedding-3-large,Text Embedding Large v3,8K,,,,,,,,,￥0.098/百万tokens 低价1折 || ￥0.293/百万tokens 均衡3折 || ￥0.488/百万tokens 高可用5折 || ￥0.975/百万tokens 官方价
text-embedding-3-small,Text Embedding Small v3,8K,,,,,,,,,￥0.015/百万tokens 低价1折 || ￥0.045/百万tokens 均衡3折 || ￥0.075/百万tokens 高可用5折 || ￥0.150/百万tokens 官方价
text-embedding-ada-002,Ada v2,8K,,,,,,,,,￥0.075/百万tokens 低价1折 || ￥0.225/百万tokens 均衡3折 || ￥0.375/百万tokens 高可用5折 || ￥0.750/百万tokens 官方价
text-embedding-v2,通义文本向量-v2,2K,,,,,,,,,￥0.700/百万tokens
text-embedding-v3,通义文本向量-v3,8K,,,,,,,,,￥0.700/百万tokens
text-embedding-v4,通义文本向量-v4,8K,,,,,,,,,￥0.500/百万tokens
tongyi-embedding-vision-flash,通义多模态向量-Flash,1K,,,,,,,,,￥0.150/百万tokens 文本 || ￥0.150/百万tokens 视觉
tongyi-embedding-vision-plus,通义多模态向量-Plus,1K,,,,,,,,,￥0.500/百万tokens 文本 || ￥0.500/百万tokens 视觉
tts-1,TTS,4K,,,,,,,,,￥11.250/百万字符 低价1折 || ￥33.750/百万字符 均衡3折 || ￥56.250/百万字符 高可用5折 || ￥112.500/百万字符 官方价
tts-1-hd,TTS HD,4K,,,,,,,,,￥22.500/百万字符 低价1折 || ￥67.500/百万字符 均衡3折 || ￥112.500/百万字符 高可用5折 || ￥225.000/百万字符 官方价
veo-2.0-generate-001,Veo 2,32K,,,,,,,,,￥0.131/秒 低价0.5折 || ￥0.263/秒 均衡1折 || ￥0.394/秒 高可用1.5折 || ￥2.625/秒 官方价
veo-3.0-fast-generate-001,Veo 3 快速版,1K,,,,,,,,,￥0.113/秒 低价1折 || ￥0.338/秒 均衡3折 || ￥0.900/秒 高可用8折 || ￥1.125/秒 官方价
veo-3.0-generate-001,Veo 3,1K,,,,,,,,,￥0.300/秒 低价1折 || ￥0.900/秒 均衡3折 || ￥2.400/秒 高可用8折 || ￥3.000/秒 官方价
veo-3.1-fast-generate-preview,Veo 3.1 Fast Preview,1K,,,,,,,,,￥0.113/秒 低价1折 || ￥0.338/秒 均衡3折 || ￥0.900/秒 高可用8折 || ￥1.125/秒 官方价
veo-3.1-generate-preview,Veo 3.1 Preview,1K,,,,,,,,,￥0.300/秒 低价1折 || ￥0.900/秒 均衡3折 || ￥2.400/秒 高可用8折 || ￥3.000/秒 官方价
veo-3.1-lite-generate-preview,Veo 3.1 Lite Preview,1K,,,,,,,,,￥0.375/秒
vidu-2,Vidu 2,1K,,,,,,,,,￥1.000/次 高可用8折 || ￥1.250/次 官方价
vidu-q1,Vidu Q1,1K,,,,,,,,,￥2.500/次 高可用8折 || ￥3.125/次 官方价
viduq2,ViduQ2,2K,,,,,,,,,￥0.125/秒 高可用8折 || ￥0.156/秒 官方价
viduq2-pro,ViduQ2 Pro,2K,,,,,,,,,￥0.250/秒 高可用8折 || ￥0.313/秒 官方价
viduq2-turbo,ViduQ2 Turbo,2K,,,,,,,,,￥0.250/秒 高可用8折 || ￥0.313/秒 官方价
viduq3-pro,ViduQ3 Pro,2K,,,,,,,,,￥0.750/秒 高可用8折 || ￥0.938/秒 官方价
wan2.2-i2v-flash,通义万相2.2-图生视频-Flash,0.8K,,,,,,,,,￥1.000/个
wan2.2-i2v-plus,通义万相2.2-图生视频-Plus,0.8K,,,,,,,,,￥3.500/个
wan2.2-t2i-flash,通义万相2.2-文生图-Flash,0.8K,,,,,,,,,￥0.140/张
wan2.2-t2i-plus,通义万相2.2-文生图-Plus,0.8K,,,,,,,,,￥0.200/张
wan2.2-t2v-plus,通义万相2.2-文生视频-Plus,0.8K,,,,,,,,,￥3.500/个
wan2.5-i2i-preview,通义万相2.5-图像编辑-Preview,2K,,,,,,,,,￥0.200/张
wan2.5-i2v-preview,通义万相2.5-图生视频-Preview,1K,,,,,,,,,￥5.000/个
wan2.5-t2i-preview,通义万相2.5-文生图-Preview,2K,,,,,,,,,￥0.200/张
wan2.5-t2v-preview,通义万相2.5-文生视频-Preview,1K,,,,,,,,,￥5.000/个
wan2.6-i2v,通义万相2.6-图生视频,1K,,,,,,,,,￥1.000/秒
wan2.6-i2v-flash,通义万相2.6-图生视频-Flash,1K,,,,,,,,,￥0.500/秒
wan2.6-image,通义万相2.6-图像编辑,2K,,,,,,,,,￥0.200/张
wan2.6-r2v,通义万相2.6-参考生视频,1K,,,,,,,,,￥1.000/秒
wan2.6-r2v-flash,通义万相2.6-参考生视频-Flash,1K,,,,,,,,,￥0.500/秒
wan2.6-t2i,通义万相2.6-文生图,2K,,,,,,,,,￥0.200/张
wan2.6-t2v,通义万相2.6-文生视频,1K,,,,,,,,,￥1.000/秒
wan2.7-i2v,通义万相2.7-图生视频,1K,,,,,,,,,￥1.000/秒
wan2.7-image,通义万相2.7-图像生成与编辑,5K,,,,,,,,,￥0.200/张
wan2.7-image-pro,通义万相2.7-图像模型旗舰版,5K,,,,,,,,,￥0.500/张
wan2.7-r2v,通义万相2.7-参考生视频,1K,,,,,,,,,￥1.000/秒
wan2.7-t2v,通义万相2.7-文生视频,1K,,,,,,,,,￥1.000/秒
wan2.7-videoedit,通义万相2.7-视频编辑,1K,,,,,,,,,￥1.000/秒
wanx2.1-i2v-plus,通义万相2.1-图生视频-Plus,0.8K,,,,,,,,,￥3.500/个
wanx2.1-i2v-turbo,通义万相2.1-图生视频-Turbo,0.8K,,,,,,,,,￥1.200/个
wanx2.1-kf2v-plus,通义万相2.1-首尾帧-Plus,0.8K,,,,,,,,,￥3.500/个
wanx2.1-t2i-plus,通义万相2.1-文生图-Plus,0.8K,,,,,,,,,￥0.200/张
wanx2.1-t2i-turbo,通义万相2.1-文生图-Turbo,0.8K,,,,,,,,,￥0.140/张
wanx2.1-t2v-plus,通义万相2.1-文生视频-Plus,0.8K,,,,,,,,,￥3.500/个
wanx2.1-t2v-turbo,通义万相2.1-文生视频-Turbo,0.8K,,,,,,,,,￥1.200/个
whisper-1,Whisper,-,,,,,,,,,￥0.005/分钟 低价1折 || ￥0.014/分钟 均衡3折 || ￥0.023/分钟 高可用5折 || ￥0.045/分钟 官方价
yi-lightning,Yi-Lightning,16K,,,,,,,,,￥0.990/百万tokens
yi-vision-v2,Yi-Vision-V2,16K,,,,,,,,,￥6.000/百万tokens
z-image-turbo,通义-文生图-Z-Image,0.8K,,,,,,,,,￥0.100/张
